Workbook

Sheet Dashboard
A1: 📊 RETURNS MANAGEMENT DASHBOARD — Full Year (W1–W52)
A2: ⚡ Just paste data in the 'Raw Data' sheet — this dashboard auto-updates. Each week column fills as you add data. Press Ctrl+Alt+F9 to force refresh.
A3: Particulars | B3: W1 | E3: W2 | H3: W3 | K3: W4 | N3: W5 | Q3: W6 | T3: W7 | W3: W8 | Z3: W9 | AC3: W10 | AF3: W11 | AI3: W12 | AL3: W13 | AO3: W14 | AR3: W15 | AU3: W16 | AX3: W17 | BA3: W18 | BD3: W19 | BG3: W20 | BJ3: W21 | BM3: W22 | BP3: W23 | BS3: W24 | BV3: W25 | BY3: W26 | CB3: W27 | CE3: W28 | CH3: W29 | CK3: W30 | CN3: W31 | CQ3: W32 | CT3: W33 | CW3: W34 | CZ3: W35 | DC3: W36 | DF3: W37 | DI3: W38 | DL3: W39 | DO3: W40 | DR3: W41 | DU3: W42 | DX3: W43 | EA3: W44 | ED3: W45 | EG3: W46 | EJ3: W47 | EM3: W48 | EP3: W49 | ES3: W50 | EV3: W51 | EY3: W52 | FB3: TOTAL (All Weeks)
B4: COGS (£) | C4: Sales (£) | D4: Units | E4: COGS (£) | F4: Sales (£) | G4: Units | H4: COGS (£) | I4: Sales (£) | J4: Units | K4: COGS (£) | L4: Sales (£) | M4: Units | N4: COGS (£) | O4: Sales (£) | P4: Units | Q4: COGS (£) | R4: Sales (£) | S4: Units | T4: COGS (£) | U4: Sales (£) | V4: Units | W4: COGS (£) | X4: Sales (£) | Y4: Units | Z4: COGS (£) | AA4: Sales (£) | AB4: Units | AC4: COGS (£) | AD4: Sales (£) | AE4: Units | AF4: COGS (£) | AG4: Sales (£) | AH4: Units | AI4: COGS (£) | AJ4: Sales (£) | AK4: Units | AL4: COGS (£) | AM4: Sales (£) | AN4: Units | AO4: COGS (£) | AP4: Sales (£) | AQ4: Units | AR4: COGS (£) | AS4: Sales (£) | AT4: Units | AU4: COGS (£) | AV4: Sales (£) | AW4: Units | AX4: COGS (£) | AY4: Sales (£) | AZ4: Units | BA4: COGS (£) | BB4: Sales (£) | BC4: Units | BD4: COGS (£) | BE4: Sales (£) | BF4: Units | BG4: COGS (£) | BH4: Sales (£) | BI4: Units | BJ4: COGS (£) | BK4: Sales (£) | BL4: Units | BM4: COGS (£) | BN4: Sales (£) | BO4: Units | BP4: COGS (£) | BQ4: Sales (£) | BR4: Units | BS4: COGS (£) | BT4: Sales (£) | BU4: Units | BV4: COGS (£) | BW4: Sales (£) | BX4: Units | BY4: COGS (£) | BZ4: Sales (£) | CA4: Units | CB4: COGS (£) | CC4: Sales (£) | CD4: Units | CE4: COGS (£) | CF4: Sales (£) | CG4: Units | CH4: COGS (£) | CI4: Sales (£) | CJ4: Units | CK4: COGS (£) | CL4: Sales (£) | CM4: Units | CN4: COGS (£) | CO4: Sales (£) | CP4: Units | CQ4: COGS (£) | CR4: Sales (£) | CS4: Units | CT4: COGS (£) | CU4: Sales (£) | CV4: Units | CW4: COGS (£) | CX4: Sales (£) | CY4: Units | CZ4: COGS (£) | DA4: Sales (£) | DB4: Units | DC4: COGS (£) | DD4: Sales (£) | DE4: Units | DF4: COGS (£) | DG4: Sales (£) | DH4: Units | DI4: COGS (£) | DJ4: Sales (£) | DK4: Units | DL4: COGS (£) | DM4: Sales (£) | DN4: Units | DO4: COGS (£) | DP4: Sales (£) | DQ4: Units | DR4: COGS (£) | DS4: Sales (£) | DT4: Units | DU4: COGS (£) | DV4: Sales (£) | DW4: Units | DX4: COGS (£) | DY4: Sales (£) | DZ4: Units | EA4: COGS (£) | EB4: Sales (£) | EC4: Units | ED4: COGS (£) | EE4: Sales (£) | EF4: Units | EG4: COGS (£) | EH4: Sales (£) | EI4: Units | EJ4: COGS (£) | EK4: Sales (£) | EL4: Units | EM4: COGS (£) | EN4: Sales (£) | EO4: Units | EP4: COGS (£) | EQ4: Sales (£) | ER4: Units | ES4: COGS (£) | ET4: Sales (£) | EU4: Units | EV4: COGS (£) | EW4: Sales (£) | EX4: Units | EY4: COGS (£) | EZ4: Sales (£) | FA4: Units | FB4: COGS (£) | FC4: Sales (£) | FD4: Units
A5: Total Returns Value | B5: =SUMIFS('Raw Data'!$M$3:$M$5000,'Raw Data'!$P$3:$P$5000,"W1") -> 0 | C5: =SUMIFS('Raw Data'!$N$3:$N$5000,'Raw Data'!$P$3:$P$5000,"W1") -> 0 | D5: =SUMIFS('Raw Data'!$E$3:$E$5000,'Raw Data'!$P$3:$P$5000,"W1") -> 0 | E5: =SUMIFS('Raw Data'!$M$3:$M$5000,'Raw Data'!$P$3:$P$5000,"W2") -> 0 | F5: =SUMIFS('Raw Data'!$N$3:$N$5000,'Raw Data'!$P$3:$P$5000,"W2") -> 0 | G5: =SUMIFS('Raw Data'!$E$3:$E$5000,'Raw Data'!$P$3:$P$5000,"W2") -> 0 | H5: =SUMIFS('Raw Data'!$M$3:$M$5000,'Raw Data'!$P$3:$P$5000,"W3") -> 0 | I5: =SUMIFS('Raw Data'!$N$3:$N$5000,'Raw Data'!$P$3:$P$5000,"W3") -> 0 | J5: =SUMIFS('Raw Data'!$E$3:$E$5000,'Raw Data'!$P$3:$P$5000,"W3") -> 0 | K5: =SUMIFS('Raw Data'!$M$3:$M$5000,'Raw Data'!$P$3:$P$5000,"W4") -> 0 | L5: =SUMIFS('Raw Data'!$N$3:$N$5000,'Raw Data'!$P$3:$P$5000,"W4") -> 0 | M5: =SUMIFS('Raw Data'!$E$3:$E$5000,'Raw Data'!$P$3:$P$5000,"W4") -> 0 | N5: =SUMIFS('Raw Data'!$M$3:$M$5000,'Raw Data'!$P$3:$P$5000,"W5") -> 0 | O5: =SUMIFS('Raw Data'!$N$3:$N$5000,'Raw Data'!$P$3:$P$5000,"W5") -> 0 | P5: =SUMIFS('Raw Data'!$E$3:$E$5000,'Raw Data'!$P$3:$P$5000,"W5") -> 0 | Q5: =SUMIFS('Raw Data'!$M$3:$M$5000,'Raw Data'!$P$3:$P$5000,"W6") -> 0 | R5: =SUMIFS('Raw Data'!$N$3:$N$5000,'Raw Data'!$P$3:$P$5000,"W6") -> 0 | S5: =SUMIFS('Raw Data'!$E$3:$E$5000,'Raw Data'!$P$3:$P$5000,"W6") -> 0 | T5: =SUMIFS('Raw Data'!$M$3:$M$5000,'Raw Data'!$P$3:$P$5000,"W7") -> 0 | U5: =SUMIFS('Raw Data'!$N$3:$N$5000,'Raw Data'!$P$3:$P$5000,"W7") -> 0 | V5: =SUMIFS('Raw Data'!$E$3:$E$5000,'Raw Data'!$P$3:$P$5000,"W7") -> 0 | W5: =SUMIFS('Raw Data'!$M$3:$M$5000,'Raw Data'!$P$3:$P$5000,"W8") -> 0 | X5: =SUMIFS('Raw Data'!$N$3:$N$5000,'Raw Data'!$P$3:$P$5000,"W8") -> 0 | Y5: =SUMIFS('Raw Data'!$E$3:$E$5000,'Raw Data'!$P$3:$P$5000,"W8") -> 0 | Z5: =SUMIFS('Raw Data'!$M$3:$M$5000,'Raw Data'!$P$3:$P$5000,"W9") -> 1685 | AA5: =SUMIFS('Raw Data'!$N$3:$N$5000,'Raw Data'!$P$3:$P$5000,"W9") -> 3654 | AB5: =SUMIFS('Raw Data'!$E$3:$E$5000,'Raw Data'!$P$3:$P$5000,"W9") -> 20 | AC5: =SUMIFS('Raw Data'!$M$3:$M$5000,'Raw Data'!$P$3:$P$5000,"W10") -> 1148.42 | AD5: =SUMIFS('Raw Data'!$N$3:$N$5000,'Raw Data'!$P$3:$P$5000,"W10") -> 2586.92 | AE5: =SUMIFS('Raw Data'!$E$3:$E$5000,'Raw Data'!$P$3:$P$5000,"W10") -> 15 | AF5: =SUMIFS('Raw Data'!$M$3:$M$5000,'Raw Data'!$P$3:$P$5000,"W11") -> 4595 | AG5: =SUMIFS('Raw Data'!$N$3:$N$5000,'Raw Data'!$P$3:$P$5000,"W11") -> 9915 | AH5: =SUMIFS('Raw Data'!$E$3:$E$5000,'Raw Data'!$P$3:$P$5000,"W11") -> 104 | AI5: =SUMIFS('Raw Data'!$M$3:$M$5000,'Raw Data'!$P$3:$P$5000,"W12") -> 0 | AJ5: =SUMIFS('Raw Data'!$N$3:$N$5000,'Raw Data'!$P$3:$P$5000,"W12") -> 0 | AK5: =SUMIFS('Raw Data'!$E$3:$E$5000,'Raw Data'!$P$3:$P$5000,"W12") -> 0 | AL5: =SUMIFS('Raw Data'!$M$3:$M$5000,'Raw Data'!$P$3:$P$5000,"W13") -> 0 | AM5: =SUMIFS('Raw Data'!$N$3:$N$5000,'Raw Data'!$P$3:$P$5000,"W13") -> 0 | AN5: =SUMIFS('Raw Data'!$E$3:$E$5000,'Raw Data'!$P$3:$P$5000,"W13") -> 0 | AO5: =SUMIFS('Raw Data'!$M$3:$M$5000,'Raw Data'!$P$3:$P$5000,"W14") -> 0 | AP5: =SUMIFS('Raw Data'!$N$3:$N$5000,'Raw Data'!$P$3:$P$5000,"W14") -> 0 | AQ5: =SUMIFS('Raw Data'!$E$3:$E$5000,'Raw Data'!$P$3:$P$5000,"W14") -> 0 | AR5: =SUMIFS('Raw Data'!$M$3:$M$5000,'Raw Data'!$P$3:$P$5000,"W15") -> 0 | AS5: =SUMIFS('Raw Data'!$N$3:$N$5000,'Raw Data'!$P$3:$P$5000,"W15") -> 0 | AT5: =SUMIFS('Raw Data'!$E$3:$E$5000,'Raw Data'!$P$3:$P$5000,"W15") -> 0 | AU5: =SUMIFS('Raw Data'!$M$3:$M$5000,'Raw Data'!$P$3:$P$5000,"W16") -> 0 | AV5: =SUMIFS('Raw Data'!$N$3:$N$5000,'Raw Data'!$P$3:$P$5000,"W16") -> 0 | AW5: =SUMIFS('Raw Data'!$E$3:$E$5000,'Raw Data'!$P$3:$P$5000,"W16") -> 0 | AX5: =SUMIFS('Raw Data'!$M$3:$M$5000,'Raw Data'!$P$3:$P$5000,"W17") -> 0 | AY5: =SUMIFS('Raw Data'!$N$3:$N$5000,'Raw Data'!$P$3:$P$5000,"W17") -> 0 | AZ5: =SUMIFS('Raw Data'!$E$3:$E$5000,'Raw Data'!$P$3:$P$5000,"W17") -> 0 | BA5: =SUMIFS('Raw Data'!$M$3:$M$5000,'Raw Data'!$P$3:$P$5000,"W18") -> 0 | BB5: =SUMIFS('Raw Data'!$N$3:$N$5000,'Raw Data'!$P$3:$P$5000,"W18") -> 0 | BC5: =SUMIFS('Raw Data'!$E$3:$E$5000,'Raw Data'!$P$3:$P$5000,"W18") -> 0 | BD5: =SUMIFS('Raw Data'!$M$3:$M$5000,'Raw Data'!$P$3:$P$5000,"W19") -> 0 | BE5: =SUMIFS('Raw Data'!$N$3:$N$5000,'Raw Data'!$P$3:$P$5000,"W19") -> 0 | BF5: =SUMIFS('Raw Data'!$E$3:$E$5000,'Raw Data'!$P$3:$P$5000,"W19") -> 0 | BG5: =SUMIFS('Raw Data'!$M$3:$M$5000,'Raw Data'!$P$3:$P$5000,"W20") -> 0 | BH5: =SUMIFS('Raw Data'!$N$3:$N$5000,'Raw Data'!$P$3:$P$5000,"W20") -> 0 | BI5: =SUMIFS('Raw Data'!$E$3:$E$5000,'Raw Data'!$P$3:$P$5000,"W20") -> 0 | BJ5: =SUMIFS('Raw Data'!$M$3:$M$5000,'Raw Data'!$P$3:$P$5000,"W21") -> 0 | BK5: =SUMIFS('Raw Data'!$N$3:$N$5000,'Raw Data'!$P$3:$P$5000,"W21") -> 0 | BL5: =SUMIFS('Raw Data'!$E$3:$E$5000,'Raw Data'!$P$3:$P$5000,"W21") -> 0 | BM5: =SUMIFS('Raw Data'!$M$3:$M$5000,'Raw Data'!$P$3:$P$5000,"W22") -> 0 | BN5: =SUMIFS('Raw Data'!$N$3:$N$5000,'Raw Data'!$P$3:$P$5000,"W22") -> 0 | BO5: =SUMIFS('Raw Data'!$E$3:$E$5000,'Raw Data'!$P$3:$P$5000,"W22") -> 0 | BP5: =SUMIFS('Raw Data'!$M$3:$M$5000,'Raw Data'!$P$3:$P$5000,"W23") -> 0 | BQ5: =SUMIFS('Raw Data'!$N$3:$N$5000,'Raw Data'!$P$3:$P$5000,"W23") -> 0 | BR5: =SUMIFS('Raw Data'!$E$3:$E$5000,'Raw Data'!$P$3:$P$5000,"W23") -> 0 | BS5: =SUMIFS('Raw Data'!$M$3:$M$5000,'Raw Data'!$P$3:$P$5000,"W24") -> 0 | BT5: =SUMIFS('Raw Data'!$N$3:$N$5000,'Raw Data'!$P$3:$P$5000,"W24") -> 0 | BU5: =SUMIFS('Raw Data'!$E$3:$E$5000,'Raw Data'!$P$3:$P$5000,"W24") -> 0 | BV5: =SUMIFS('Raw Data'!$M$3:$M$5000,'Raw Data'!$P$3:$P$5000,"W25") -> 0 | BW5: =SUMIFS('Raw Data'!$N$3:$N$5000,'Raw Data'!$P$3:$P$5000,"W25") -> 0 | BX5: =SUMIFS('Raw Data'!$E$3:$E$5000,'Raw Data'!$P$3:$P$5000,"W25") -> 0 | BY5: =SUMIFS('Raw Data'!$M$3:$M$5000,'Raw Data'!$P$3:$P$5000,"W26") -> 0 | BZ5: =SUMIFS('Raw Data'!$N$3:$N$5000,'Raw Data'!$P$3:$P$5000,"W26") -> 0 | CA5: =SUMIFS('Raw Data'!$E$3:$E$5000,'Raw Data'!$P$3:$P$5000,"W26") -> 0 | CB5: =SUMIFS('Raw Data'!$M$3:$M$5000,'Raw Data'!$P$3:$P$5000,"W27") -> 0 | CC5: =SUMIFS('Raw Data'!$N$3:$N$5000,'Raw Data'!$P$3:$P$5000,"W27") -> 0 | CD5: =SUMIFS('Raw Data'!$E$3:$E$5000,'Raw Data'!$P$3:$P$5000,"W27") -> 0 | CE5: =SUMIFS('Raw Data'!$M$3:$M$5000,'Raw Data'!$P$3:$P$5000,"W28") -> 0 | CF5: =SUMIFS('Raw Data'!$N$3:$N$5000,'Raw Data'!$P$3:$P$5000,"W28") -> 0 | CG5: =SUMIFS('Raw Data'!$E$3:$E$5000,'Raw Data'!$P$3:$P$5000,"W28") -> 0 | CH5: =SUMIFS('Raw Data'!$M$3:$M$5000,'Raw Data'!$P$3:$P$5000,"W29") -> 0 | CI5: =SUMIFS('Raw Data'!$N$3:$N$5000,'Raw Data'!$P$3:$P$5000,"W29") -> 0 | CJ5: =SUMIFS('Raw Data'!$E$3:$E$5000,'Raw Data'!$P$3:$P$5000,"W29") -> 0 | CK5: =SUMIFS('Raw Data'!$M$3:$M$5000,'Raw Data'!$P$3:$P$5000,"W30") -> 0 | CL5: =SUMIFS('Raw Data'!$N$3:$N$5000,'Raw Data'!$P$3:$P$5000,"W30") -> 0 | CM5: =SUMIFS('Raw Data'!$E$3:$E$5000,'Raw Data'!$P$3:$P$5000,"W30") -> 0 | CN5: =SUMIFS('Raw Data'!$M$3:$M$5000,'Raw Data'!$P$3:$P$5000,"W31") -> 0 | CO5: =SUMIFS('Raw Data'!$N$3:$N$5000,'Raw Data'!$P$3:$P$5000,"W31") -> 0 | CP5: =SUMIFS('Raw Data'!$E$3:$E$5000,'Raw Data'!$P$3:$P$5000,"W31") -> 0 | CQ5: =SUMIFS('Raw Data'!$M$3:$M$5000,'Raw Data'!$P$3:$P$5000,"W32") -> 0 | CR5: =SUMIFS('Raw Data'!$N$3:$N$5000,'Raw Data'!$P$3:$P$5000,"W32") -> 0 | CS5: =SUMIFS('Raw Data'!$E$3:$E$5000,'Raw Data'!$P$3:$P$5000,"W32") -> 0 | CT5: =SUMIFS('Raw Data'!$M$3:$M$5000,'Raw Data'!$P$3:$P$5000,"W33") -> 0 | CU5: =SUMIFS('Raw Data'!$N$3:$N$5000,'Raw Data'!$P$3:$P$5000,"W33") -> 0 | CV5: =SUMIFS('Raw Data'!$E$3:$E$5000,'Raw Data'!$P$3:$P$5000,"W33") -> 0 | CW5: =SUMIFS('Raw Data'!$M$3:$M$5000,'Raw Data'!$P$3:$P$5000,"W34") -> 0 | CX5: =SUMIFS('Raw Data'!$N$3:$N$5000,'Raw Data'!$P$3:$P$5000,"W34") -> 0 | CY5: =SUMIFS('Raw Data'!$E$3:$E$5000,'Raw Data'!$P$3:$P$5000,"W34") -> 0 | CZ5: =SUMIFS('Raw Data'!$M$3:$M$5000,'Raw Data'!$P$3:$P$5000,"W35") -> 0 | DA5: =SUMIFS('Raw Data'!$N$3:$N$5000,'Raw Data'!$P$3:$P$5000,"W35") -> 0 | DB5: =SUMIFS('Raw Data'!$E$3:$E$5000,'Raw Data'!$P$3:$P$5000,"W35") -> 0 | DC5: =SUMIFS('Raw Data'!$M$3:$M$5000,'Raw Data'!$P$3:$P$5000,"W36") -> 0 | DD5: =SUMIFS('Raw Data'!$N$3:$N$5000,'Raw Data'!$P$3:$P$5000,"W36") -> 0 | DE5: =SUMIFS('Raw Data'!$E$3:$E$5000,'Raw Data'!$P$3:$P$5000,"W36") -> 0 | DF5: =SUMIFS('Raw Data'!$M$3:$M$5000,'Raw Data'!$P$3:$P$5000,"W37") -> 0 | DG5: =SUMIFS('Raw Data'!$N$3:$N$5000,'Raw Data'!$P$3:$P$5000,"W37") -> 0 | DH5: =SUMIFS('Raw Data'!$E$3:$E$5000,'Raw Data'!$P$3:$P$5000,"W37") -> 0 | DI5: =SUMIFS('Raw Data'!$M$3:$M$5000,'Raw Data'!$P$3:$P$5000,"W38") -> 0 | DJ5: =SUMIFS('Raw Data'!$N$3:$N$5000,'Raw Data'!$P$3:$P$5000,"W38") -> 0 | DK5: =SUMIFS('Raw Data'!$E$3:$E$5000,'Raw Data'!$P$3:$P$5000,"W38") -> 0 | DL5: =SUMIFS('Raw Data'!$M$3:$M$5000,'Raw Data'!$P$3:$P$5000,"W39") -> 0 | DM5: =SUMIFS('Raw Data'!$N$3:$N$5000,'Raw Data'!$P$3:$P$5000,"W39") -> 0 | DN5: =SUMIFS('Raw Data'!$E$3:$E$5000,'Raw Data'!$P$3:$P$5000,"W39") -> 0 | DO5: =SUMIFS('Raw Data'!$M$3:$M$5000,'Raw Data'!$P$3:$P$5000,"W40") -> 0 | DP5: =SUMIFS('Raw Data'!$N$3:$N$5000,'Raw Data'!$P$3:$P$5000,"W40") -> 0 | DQ5: =SUMIFS('Raw Data'!$E$3:$E$5000,'Raw Data'!$P$3:$P$5000,"W40") -> 0 | DR5: =SUMIFS('Raw Data'!$M$3:$M$5000,'Raw Data'!$P$3:$P$5000,"W41") -> 0 | DS5: =SUMIFS('Raw Data'!$N$3:$N$5000,'Raw Data'!$P$3:$P$5000,"W41") -> 0 | DT5: =SUMIFS('Raw Data'!$E$3:$E$5000,'Raw Data'!$P$3:$P$5000,"W41") -> 0 | DU5: =SUMIFS('Raw Data'!$M$3:$M$5000,'Raw Data'!$P$3:$P$5000,"W42") -> 0 | DV5: =SUMIFS('Raw Data'!$N$3:$N$5000,'Raw Data'!$P$3:$P$5000,"W42") -> 0 | DW5: =SUMIFS('Raw Data'!$E$3:$E$5000,'Raw Data'!$P$3:$P$5000,"W42") -> 0 | DX5: =SUMIFS('Raw Data'!$M$3:$M$5000,'Raw Data'!$P$3:$P$5000,"W43") -> 0 | DY5: =SUMIFS('Raw Data'!$N$3:$N$5000,'Raw Data'!$P$3:$P$5000,"W43") -> 0 | DZ5: =SUMIFS('Raw Data'!$E$3:$E$5000,'Raw Data'!$P$3:$P$5000,"W43") -> 0 | EA5: =SUMIFS('Raw Data'!$M$3:$M$5000,'Raw Data'!$P$3:$P$5000,"W44") -> 0 | EB5: =SUMIFS('Raw Data'!$N$3:$N$5000,'Raw Data'!$P$3:$P$5000,"W44") -> 0 | EC5: =SUMIFS('Raw Data'!$E$3:$E$5000,'Raw Data'!$P$3:$P$5000,"W44") -> 0 | ED5: =SUMIFS('Raw Data'!$M$3:$M$5000,'Raw Data'!$P$3:$P$5000,"W45") -> 0 | EE5: =SUMIFS('Raw Data'!$N$3:$N$5000,'Raw Data'!$P$3:$P$5000,"W45") -> 0 | EF5: =SUMIFS('Raw Data'!$E$3:$E$5000,'Raw Data'!$P$3:$P$5000,"W45") -> 0 | EG5: =SUMIFS('Raw Data'!$M$3:$M$5000,'Raw Data'!$P$3:$P$5000,"W46") -> 0 | EH5: =SUMIFS('Raw Data'!$N$3:$N$5000,'Raw Data'!$P$3:$P$5000,"W46") -> 0 | EI5: =SUMIFS('Raw Data'!$E$3:$E$5000,'Raw Data'!$P$3:$P$5000,"W46") -> 0 | EJ5: =SUMIFS('Raw Data'!$M$3:$M$5000,'Raw Data'!$P$3:$P$5000,"W47") -> 0 | EK5: =SUMIFS('Raw Data'!$N$3:$N$5000,'Raw Data'!$P$3:$P$5000,"W47") -> 0 | EL5: =SUMIFS('Raw Data'!$E$3:$E$5000,'Raw Data'!$P$3:$P$5000,"W47") -> 0 | EM5: =SUMIFS('Raw Data'!$M$3:$M$5000,'Raw Data'!$P$3:$P$5000,"W48") -> 0 | EN5: =SUMIFS('Raw Data'!$N$3:$N$5000,'Raw Data'!$P$3:$P$5000,"W48") -> 0 | EO5: =SUMIFS('Raw Data'!$E$3:$E$5000,'Raw Data'!$P$3:$P$5000,"W48") -> 0 | EP5: =SUMIFS('Raw Data'!$M$3:$M$5000,'Raw Data'!$P$3:$P$5000,"W49") -> 0 | EQ5: =SUMIFS('Raw Data'!$N$3:$N$5000,'Raw Data'!$P$3:$P$5000,"W49") -> 0 | ER5: =SUMIFS('Raw Data'!$E$3:$E$5000,'Raw Data'!$P$3:$P$5000,"W49") -> 0 | ES5: =SUMIFS('Raw Data'!$M$3:$M$5000,'Raw Data'!$P$3:$P$5000,"W50") -> 0 | ET5: =SUMIFS('Raw Data'!$N$3:$N$5000,'Raw Data'!$P$3:$P$5000,"W50") -> 0 | EU5: =SUMIFS('Raw Data'!$E$3:$E$5000,'Raw Data'!$P$3:$P$5000,"W50") -> 0 | EV5: =SUMIFS('Raw Data'!$M$3:$M$5000,'Raw Data'!$P$3:$P$5000,"W51") -> 0 | EW5: =SUMIFS('Raw Data'!$N$3:$N$5000,'Raw Data'!$P$3:$P$5000,"W51") -> 0 | EX5: =SUMIFS('Raw Data'!$E$3:$E$5000,'Raw Data'!$P$3:$P$5000,"W51") -> 0 | EY5: =SUMIFS('Raw Data'!$M$3:$M$5000,'Raw Data'!$P$3:$P$5000,"W52") -> 0 | EZ5: =SUMIFS('Raw Data'!$N$3:$N$5000,'Raw Data'!$P$3:$P$5000,"W52") -> 0 | FA5: =SUMIFS('Raw Data'!$E$3:$E$5000,'Raw Data'!$P$3:$P$5000,"W52") -> 0 | FB5: =B5+E5+H5+K5+N5+Q5+T5+W5+Z5+AC5+AF5+AI5+AL5+AO5+AR5+AU5+AX5+BA5+BD5+BG5+BJ5+BM5+BP5+BS5+BV5+BY5+CB5+CE5+CH5+CK5+CN5+CQ5+CT5+CW5+CZ5+DC5+DF5+DI5+DL5+DO5+DR5+DU5+DX5+EA5+ED5+EG5+EJ5+EM5+EP5+ES5+EV5+EY5 -> 7428.42 | FC5: =C5+F5+I5+L5+O5+R5+U5+X5+AA5+AD5+AG5+AJ5+AM5+AP5+AS5+AV5+AY5+BB5+BE5+BH5+BK5+BN5+BQ5+BT5+BW5+BZ5+CC5+CF5+CI5+CL5+CO5+CR5+CU5+CX5+DA5+DD5+DG5+DJ5+DM5+DP5+DS5+DV5+DY5+EB5+EE5+EH5+EK5+EN5+EQ5+ET5+EW5+EZ5 -> 16155.92 | FD5: =D5+G5+J5+M5+P5+S5+V5+Y5+AB5+AE5+AH5+AK5+AN5+AQ5+AT5+AW5+AZ5+BC5+BF5+BI5+BL5+BO5+BR5+BU5+BX5+CA5+CD5+CG5+CJ5+CM5+CP5+CS5+CV5+CY5+DB5+DE5+DH5+DK5+DN5+DQ5+DT5+DW5+DZ5+EC5+EF5+EI5+EL5+EO5+ER5+EU5+EX5+FA5 -> 139
A6: Green Return | B6: =SUMIFS('Raw Data'!$M$3:$M$5000,'Raw Data'!$P$3:$P$5000,"W1",'Raw Data'!$F$3:$F$5000,"*green return*") -> 0 | C6: =SUMIFS('Raw Data'!$N$3:$N$5000,'Raw Data'!$P$3:$P$5000,"W1",'Raw Data'!$F$3:$F$5000,"*green return*") -> 0 | D6: =SUMIFS('Raw Data'!$E$3:$E$5000,'Raw Data'!$P$3:$P$5000,"W1",'Raw Data'!$F$3:$F$5000,"*green return*") -> 0 | E6: =SUMIFS('Raw Data'!$M$3:$M$5000,'Raw Data'!$P$3:$P$5000,"W2",'Raw Data'!$F$3:$F$5000,"*green return*") -> 0 | F6: =SUMIFS('Raw Data'!$N$3:$N$5000,'Raw Data'!$P$3:$P$5000,"W2",'Raw Data'!$F$3:$F$5000,"*green return*") -> 0 | G6: =SUMIFS('Raw Data'!$E$3:$E$5000,'Raw Data'!$P$3:$P$5000,"W2",'Raw Data'!$F$3:$F$5000,"*green return*") -> 0 | H6: =SUMIFS('Raw Data'!$M$3:$M$5000,'Raw Data'!$P$3:$P$5000,"W3",'Raw Data'!$F$3:$F$5000,"*green return*") -> 0 | I6: =SUMIFS('Raw Data'!$N$3:$N$5000,'Raw Data'!$P$3:$P$5000,"W3",'Raw Data'!$F$3:$F$5000,"*green return*") -> 0 | J6: =SUMIFS('Raw Data'!$E$3:$E$5000,'Raw Data'!$P$3:$P$5000,"W3",'Raw Data'!$F$3:$F$5000,"*green return*") -> 0 | K6: =SUMIFS('Raw Data'!$M$3:$M$5000,'Raw Data'!$P$3:$P$5000,"W4",'Raw Data'!$F$3:$F$5000,"*green return*") -> 0 | L6: =SUMIFS('Raw Data'!$N$3:$N$5000,'Raw Data'!$P$3:$P$5000,"W4",'Raw Data'!$F$3:$F$5000,"*green return*") -> 0 | M6: =SUMIFS('Raw Data'!$E$3:$E$5000,'Raw Data'!$P$3:$P$5000,"W4",'Raw Data'!$F$3:$F$5000,"*green return*") -> 0 | N6: =SUMIFS('Raw Data'!$M$3:$M$5000,'Raw Data'!$P$3:$P$5000,"W5",'Raw Data'!$F$3:$F$5000,"*green return*") -> 0 | O6: =SUMIFS('Raw Data'!$N$3:$N$5000,'Raw Data'!$P$3:$P$5000,"W5",'Raw Data'!$F$3:$F$5000,"*green return*") -> 0 | P6: =SUMIFS('Raw Data'!$E$3:$E$5000,'Raw Data'!$P$3:$P$5000,"W5",'Raw Data'!$F$3:$F$5000,"*green return*") -> 0 | Q6: =SUMIFS('Raw Data'!$M$3:$M$5000,'Raw Data'!$P$3:$P$5000,"W6",'Raw Data'!$F$3:$F$5000,"*green return*") -> 0 | R6: =SUMIFS('Raw Data'!$N$3:$N$5000,'Raw Data'!$P$3:$P$5000,"W6",'Raw Data'!$F$3:$F$5000,"*green return*") -> 0 | S6: =SUMIFS('Raw Data'!$E$3:$E$5000,'Raw Data'!$P$3:$P$5000,"W6",'Raw Data'!$F$3:$F$5000,"*green return*") -> 0 | T6: =SUMIFS('Raw Data'!$M$3:$M$5000,'Raw Data'!$P$3:$P$5000,"W7",'Raw Data'!$F$3:$F$5000,"*green return*") -> 0 | U6: =SUMIFS('Raw Data'!$N$3:$N$5000,'Raw Data'!$P$3:$P$5000,"W7",'Raw Data'!$F$3:$F$5000,"*green return*") -> 0 | V6: =SUMIFS('Raw Data'!$E$3:$E$5000,'Raw Data'!$P$3:$P$5000,"W7",'Raw Data'!$F$3:$F$5000,"*green return*") -> 0 | W6: =SUMIFS('Raw Data'!$M$3:$M$5000,'Raw Data'!$P$3:$P$5000,"W8",'Raw Data'!$F$3:$F$5000,"*green return*") -> 0 | X6: =SUMIFS('Raw Data'!$N$3:$N$5000,'Raw Data'!$P$3:$P$5000,"W8",'Raw Data'!$F$3:$F$5000,"*green return*") -> 0 | Y6: =SUMIFS('Raw Data'!$E$3:$E$5000,'Raw Data'!$P$3:$P$5000,"W8",'Raw Data'!$F$3:$F$5000,"*green return*") -> 0 | Z6: =SUMIFS('Raw Data'!$M$3:$M$5000,'Raw Data'!$P$3:$P$5000,"W9",'Raw Data'!$F$3:$F$5000,"*green return*") -> 0 | AA6: =SUMIFS('Raw Data'!$N$3:$N$5000,'Raw Data'!$P$3:$P$5000,"W9",'Raw Data'!$F$3:$F$5000,"*green return*") -> 0 | AB6: =SUMIFS('Raw Data'!$E$3:$E$5000,'Raw Data'!$P$3:$P$5000,"W9",'Raw Data'!$F$3:$F$5000,"*green return*") -> 0 | AC6: =SUMIFS('Raw Data'!$M$3:$M$5000,'Raw Data'!$P$3:$P$5000,"W10",'Raw Data'!$F$3:$F$5000,"*green return*") -> 87.32 | AD6: =SUMIFS('Raw Data'!$N$3:$N$5000,'Raw Data'!$P$3:$P$5000,"W10",'Raw Data'!$F$3:$F$5000,"*green return*") -> 0 | AE6: =SUMIFS('Raw Data'!$E$3:$E$5000,'Raw Data'!$P$3:$P$5000,"W10",'Raw Data'!$F$3:$F$5000,"*green return*") -> 1 | AF6: =SUMIFS('Raw Data'!$M$3:$M$5000,'Raw Data'!$P$3:$P$5000,"W11",'Raw Data'!$F$3:$F$5000,"*green return*") -> 0 | AG6: =SUMIFS('Raw Data'!$N$3:$N$5000,'Raw Data'!$P$3:$P$5000,"W11",'Raw Data'!$F$3:$F$5000,"*green return*") -> 0 | AH6: =SUMIFS('Raw Data'!$E$3:$E$5000,'Raw Data'!$P$3:$P$5000,"W11",'Raw Data'!$F$3:$F$5000,"*green return*") -> 0 | AI6: =SUMIFS('Raw Data'!$M$3:$M$5000,'Raw Data'!$P$3:$P$5000,"W12",'Raw Data'!$F$3:$F$5000,"*green return*") -> 0 | AJ6: =SUMIFS('Raw Data'!$N$3:$N$5000,'Raw Data'!$P$3:$P$5000,"W12",'Raw Data'!$F$3:$F$5000,"*green return*") -> 0 | AK6: =SUMIFS('Raw Data'!$E$3:$E$5000,'Raw Data'!$P$3:$P$5000,"W12",'Raw Data'!$F$3:$F$5000,"*green return*") -> 0 | AL6: =SUMIFS('Raw Data'!$M$3:$M$5000,'Raw Data'!$P$3:$P$5000,"W13",'Raw Data'!$F$3:$F$5000,"*green return*") -> 0 | AM6: =SUMIFS('Raw Data'!$N$3:$N$5000,'Raw Data'!$P$3:$P$5000,"W13",'Raw Data'!$F$3:$F$5000,"*green return*") -> 0 | AN6: =SUMIFS('Raw Data'!$E$3:$E$5000,'Raw Data'!$P$3:$P$5000,"W13",'Raw Data'!$F$3:$F$5000,"*green return*") -> 0 | AO6: =SUMIFS('Raw Data'!$M$3:$M$5000,'Raw Data'!$P$3:$P$5000,"W14",'Raw Data'!$F$3:$F$5000,"*green return*") -> 0 | AP6: =SUMIFS('Raw Data'!$N$3:$N$5000,'Raw Data'!$P$3:$P$5000,"W14",'Raw Data'!$F$3:$F$5000,"*green return*") -> 0 | AQ6: =SUMIFS('Raw Data'!$E$3:$E$5000,'Raw Data'!$P$3:$P$5000,"W14",'Raw Data'!$F$3:$F$5000,"*green return*") -> 0 | AR6: =SUMIFS('Raw Data'!$M$3:$M$5000,'Raw Data'!$P$3:$P$5000,"W15",'Raw Data'!$F$3:$F$5000,"*green return*") -> 0 | AS6: =SUMIFS('Raw Data'!$N$3:$N$5000,'Raw Data'!$P$3:$P$5000,"W15",'Raw Data'!$F$3:$F$5000,"*green return*") -> 0 | AT6: =SUMIFS('Raw Data'!$E$3:$E$5000,'Raw Data'!$P$3:$P$5000,"W15",'Raw Data'!$F$3:$F$5000,"*green return*") -> 0 | AU6: =SUMIFS('Raw Data'!$M$3:$M$5000,'Raw Data'!$P$3:$P$5000,"W16",'Raw Data'!$F$3:$F$5000,"*green return*") -> 0 | AV6: =SUMIFS('Raw Data'!$N$3:$N$5000,'Raw Data'!$P$3:$P$5000,"W16",'Raw Data'!$F$3:$F$5000,"*green return*") -> 0 | AW6: =SUMIFS('Raw Data'!$E$3:$E$5000,'Raw Data'!$P$3:$P$5000,"W16",'Raw Data'!$F$3:$F$5000,"*green return*") -> 0 | AX6: =SUMIFS('Raw Data'!$M$3:$M$5000,'Raw Data'!$P$3:$P$5000,"W17",'Raw Data'!$F$3:$F$5000,"*green return*") -> 0 | AY6: =SUMIFS('Raw Data'!$N$3:$N$5000,'Raw Data'!$P$3:$P$5000,"W17",'Raw Data'!$F$3:$F$5000,"*green return*") -> 0 | AZ6: =SUMIFS('Raw Data'!$E$3:$E$5000,'Raw Data'!$P$3:$P$5000,"W17",'Raw Data'!$F$3:$F$5000,"*green return*") -> 0 | BA6: =SUMIFS('Raw Data'!$M$3:$M$5000,'Raw Data'!$P$3:$P$5000,"W18",'Raw Data'!$F$3:$F$5000,"*green return*") -> 0 | BB6: =SUMIFS('Raw Data'!$N$3:$N$5000,'Raw Data'!$P$3:$P$5000,"W18",'Raw Data'!$F$3:$F$5000,"*green return*") -> 0 | BC6: =SUMIFS('Raw Data'!$E$3:$E$5000,'Raw Data'!$P$3:$P$5000,"W18",'Raw Data'!$F$3:$F$5000,"*green return*") -> 0 | BD6: =SUMIFS('Raw Data'!$M$3:$M$5000,'Raw Data'!$P$3:$P$5000,"W19",'Raw Data'!$F$3:$F$5000,"*green return*") -> 0 | BE6: =SUMIFS('Raw Data'!$N$3:$N$5000,'Raw Data'!$P$3:$P$5000,"W19",'Raw Data'!$F$3:$F$5000,"*green return*") -> 0 | BF6: =SUMIFS('Raw Data'!$E$3:$E$5000,'Raw Data'!$P$3:$P$5000,"W19",'Raw Data'!$F$3:$F$5000,"*green return*") -> 0 | BG6: =SUMIFS('Raw Data'!$M$3:$M$5000,'Raw Data'!$P$3:$P$5000,"W20",'Raw Data'!$F$3:$F$5000,"*green return*") -> 0 | BH6: =SUMIFS('Raw Data'!$N$3:$N$5000,'Raw Data'!$P$3:$P$5000,"W20",'Raw Data'!$F$3:$F$5000,"*green return*") -> 0 | BI6: =SUMIFS('Raw Data'!$E$3:$E$5000,'Raw Data'!$P$3:$P$5000,"W20",'Raw Data'!$F$3:$F$5000,"*green return*") -> 0 | BJ6: =SUMIFS('Raw Data'!$M$3:$M$5000,'Raw Data'!$P$3:$P$5000,"W21",'Raw Data'!$F$3:$F$5000,"*green return*") -> 0 | BK6: =SUMIFS('Raw Data'!$N$3:$N$5000,'Raw Data'!$P$3:$P$5000,"W21",'Raw Data'!$F$3:$F$5000,"*green return*") -> 0 | BL6: =SUMIFS('Raw Data'!$E$3:$E$5000,'Raw Data'!$P$3:$P$5000,"W21",'Raw Data'!$F$3:$F$5000,"*green return*") -> 0 | BM6: =SUMIFS('Raw Data'!$M$3:$M$5000,'Raw Data'!$P$3:$P$5000,"W22",'Raw Data'!$F$3:$F$5000,"*green return*") -> 0 | BN6: =SUMIFS('Raw Data'!$N$3:$N$5000,'Raw Data'!$P$3:$P$5000,"W22",'Raw Data'!$F$3:$F$5000,"*green return*") -> 0 | BO6: =SUMIFS('Raw Data'!$E$3:$E$5000,'Raw Data'!$P$3:$P$5000,"W22",'Raw Data'!$F$3:$F$5000,"*green return*") -> 0 | BP6: =SUMIFS('Raw Data'!$M$3:$M$5000,'Raw Data'!$P$3:$P$5000,"W23",'Raw Data'!$F$3:$F$5000,"*green return*") -> 0 | BQ6: =SUMIFS('Raw Data'!$N$3:$N$5000,'Raw Data'!$P$3:$P$5000,"W23",'Raw Data'!$F$3:$F$5000,"*green return*") -> 0 | BR6: =SUMIFS('Raw Data'!$E$3:$E$5000,'Raw Data'!$P$3:$P$5000,"W23",'Raw Data'!$F$3:$F$5000,"*green return*") -> 0 | BS6: =SUMIFS('Raw Data'!$M$3:$M$5000,'Raw Data'!$P$3:$P$5000,"W24",'Raw Data'!$F$3:$F$5000,"*green return*") -> 0 | BT6: =SUMIFS('Raw Data'!$N$3:$N$5000,'Raw Data'!$P$3:$P$5000,"W24",'Raw Data'!$F$3:$F$5000,"*green return*") -> 0 | BU6: =SUMIFS('Raw Data'!$E$3:$E$5000,'Raw Data'!$P$3:$P$5000,"W24",'Raw Data'!$F$3:$F$5000,"*green return*") -> 0 | BV6: =SUMIFS('Raw Data'!$M$3:$M$5000,'Raw Data'!$P$3:$P$5000,"W25",'Raw Data'!$F$3:$F$5000,"*green return*") -> 0 | BW6: =SUMIFS('Raw Data'!$N$3:$N$5000,'Raw Data'!$P$3:$P$5000,"W25",'Raw Data'!$F$3:$F$5000,"*green return*") -> 0 | BX6: =SUMIFS('Raw Data'!$E$3:$E$5000,'Raw Data'!$P$3:$P$5000,"W25",'Raw Data'!$F$3:$F$5000,"*green return*") -> 0 | BY6: =SUMIFS('Raw Data'!$M$3:$M$5000,'Raw Data'!$P$3:$P$5000,"W26",'Raw Data'!$F$3:$F$5000,"*green return*") -> 0 | BZ6: =SUMIFS('Raw Data'!$N$3:$N$5000,'Raw Data'!$P$3:$P$5000,"W26",'Raw Data'!$F$3:$F$5000,"*green return*") -> 0 | CA6: =SUMIFS('Raw Data'!$E$3:$E$5000,'Raw Data'!$P$3:$P$5000,"W26",'Raw Data'!$F$3:$F$5000,"*green return*") -> 0 | CB6: =SUMIFS('Raw Data'!$M$3:$M$5000,'Raw Data'!$P$3:$P$5000,"W27",'Raw Data'!$F$3:$F$5000,"*green return*") -> 0 | CC6: =SUMIFS('Raw Data'!$N$3:$N$5000,'Raw Data'!$P$3:$P$5000,"W27",'Raw Data'!$F$3:$F$5000,"*green return*") -> 0 | CD6: =SUMIFS('Raw Data'!$E$3:$E$5000,'Raw Data'!$P$3:$P$5000,"W27",'Raw Data'!$F$3:$F$5000,"*green return*") -> 0 | CE6: =SUMIFS('Raw Data'!$M$3:$M$5000,'Raw Data'!$P$3:$P$5000,"W28",'Raw Data'!$F$3:$F$5000,"*green return*") -> 0 | CF6: =SUMIFS('Raw Data'!$N$3:$N$5000,'Raw Data'!$P$3:$P$5000,"W28",'Raw Data'!$F$3:$F$5000,"*green return*") -> 0 | CG6: =SUMIFS('Raw Data'!$E$3:$E$5000,'Raw Data'!$P$3:$P$5000,"W28",'Raw Data'!$F$3:$F$5000,"*green return*") -> 0 | CH6: =SUMIFS('Raw Data'!$M$3:$M$5000,'Raw Data'!$P$3:$P$5000,"W29",'Raw Data'!$F$3:$F$5000,"*green return*") -> 0 | CI6: =SUMIFS('Raw Data'!$N$3:$N$5000,'Raw Data'!$P$3:$P$5000,"W29",'Raw Data'!$F$3:$F$5000,"*green return*") -> 0 | CJ6: =SUMIFS('Raw Data'!$E$3:$E$5000,'Raw Data'!$P$3:$P$5000,"W29",'Raw Data'!$F$3:$F$5000,"*green return*") -> 0 | CK6: =SUMIFS('Raw Data'!$M$3:$M$5000,'Raw Data'!$P$3:$P$5000,"W30",'Raw Data'!$F$3:$F$5000,"*green return*") -> 0 | CL6: =SUMIFS('Raw Data'!$N$3:$N$5000,'Raw Data'!$P$3:$P$5000,"W30",'Raw Data'!$F$3:$F$5000,"*green return*") -> 0 | CM6: =SUMIFS('Raw Data'!$E$3:$E$5000,'Raw Data'!$P$3:$P$5000,"W30",'Raw Data'!$F$3:$F$5000,"*green return*") -> 0 | CN6: =SUMIFS('Raw Data'!$M$3:$M$5000,'Raw Data'!$P$3:$P$5000,"W31",'Raw Data'!$F$3:$F$5000,"*green return*") -> 0 | CO6: =SUMIFS('Raw Data'!$N$3:$N$5000,'Raw Data'!$P$3:$P$5000,"W31",'Raw Data'!$F$3:$F$5000,"*green return*") -> 0 | CP6: =SUMIFS('Raw Data'!$E$3:$E$5000,'Raw Data'!$P$3:$P$5000,"W31",'Raw Data'!$F$3:$F$5000,"*green return*") -> 0 | CQ6: =SUMIFS('Raw Data'!$M$3:$M$5000,'Raw Data'!$P$3:$P$5000,"W32",'Raw Data'!$F$3:$F$5000,"*green return*") -> 0 | CR6: =SUMIFS('Raw Data'!$N$3:$N$5000,'Raw Data'!$P$3:$P$5000,"W32",'Raw Data'!$F$3:$F$5000,"*green return*") -> 0 | CS6: =SUMIFS('Raw Data'!$E$3:$E$5000,'Raw Data'!$P$3:$P$5000,"W32",'Raw Data'!$F$3:$F$5000,"*green return*") -> 0 | CT6: =SUMIFS('Raw Data'!$M$3:$M$5000,'Raw Data'!$P$3:$P$5000,"W33",'Raw Data'!$F$3:$F$5000,"*green return*") -> 0 | CU6: =SUMIFS('Raw Data'!$N$3:$N$5000,'Raw Data'!$P$3:$P$5000,"W33",'Raw Data'!$F$3:$F$5000,"*green return*") -> 0 | CV6: =SUMIFS('Raw Data'!$E$3:$E$5000,'Raw Data'!$P$3:$P$5000,"W33",'Raw Data'!$F$3:$F$5000,"*green return*") -> 0 | CW6: =SUMIFS('Raw Data'!$M$3:$M$5000,'Raw Data'!$P$3:$P$5000,"W34",'Raw Data'!$F$3:$F$5000,"*green return*") -> 0 | CX6: =SUMIFS('Raw Data'!$N$3:$N$5000,'Raw Data'!$P$3:$P$5000,"W34",'Raw Data'!$F$3:$F$5000,"*green return*") -> 0 | CY6: =SUMIFS('Raw Data'!$E$3:$E$5000,'Raw Data'!$P$3:$P$5000,"W34",'Raw Data'!$F$3:$F$5000,"*green return*") -> 0 | CZ6: =SUMIFS('Raw Data'!$M$3:$M$5000,'Raw Data'!$P$3:$P$5000,"W35",'Raw Data'!$F$3:$F$5000,"*green return*") -> 0 | DA6: =SUMIFS('Raw Data'!$N$3:$N$5000,'Raw Data'!$P$3:$P$5000,"W35",'Raw Data'!$F$3:$F$5000,"*green return*") -> 0 | DB6: =SUMIFS('Raw Data'!$E$3:$E$5000,'Raw Data'!$P$3:$P$5000,"W35",'Raw Data'!$F$3:$F$5000,"*green return*") -> 0 | DC6: =SUMIFS('Raw Data'!$M$3:$M$5000,'Raw Data'!$P$3:$P$5000,"W36",'Raw Data'!$F$3:$F$5000,"*green return*") -> 0 | DD6: =SUMIFS('Raw Data'!$N$3:$N$5000,'Raw Data'!$P$3:$P$5000,"W36",'Raw Data'!$F$3:$F$5000,"*green return*") -> 0 | DE6: =SUMIFS('Raw Data'!$E$3:$E$5000,'Raw Data'!$P$3:$P$5000,"W36",'Raw Data'!$F$3:$F$5000,"*green return*") -> 0 | DF6: =SUMIFS('Raw Data'!$M$3:$M$5000,'Raw Data'!$P$3:$P$5000,"W37",'Raw Data'!$F$3:$F$5000,"*green return*") -> 0 | DG6: =SUMIFS('Raw Data'!$N$3:$N$5000,'Raw Data'!$P$3:$P$5000,"W37",'Raw Data'!$F$3:$F$5000,"*green return*") -> 0 | DH6: =SUMIFS('Raw Data'!$E$3:$E$5000,'Raw Data'!$P$3:$P$5000,"W37",'Raw Data'!$F$3:$F$5000,"*green return*") -> 0 | DI6: =SUMIFS('Raw Data'!$M$3:$M$5000,'Raw Data'!$P$3:$P$5000,"W38",'Raw Data'!$F$3:$F$5000,"*green return*") -> 0 | DJ6: =SUMIFS('Raw Data'!$N$3:$N$5000,'Raw Data'!$P$3:$P$5000,"W38",'Raw Data'!$F$3:$F$5000,"*green return*") -> 0 | DK6: =SUMIFS('Raw Data'!$E$3:$E$5000,'Raw Data'!$P$3:$P$5000,"W38",'Raw Data'!$F$3:$F$5000,"*green return*") -> 0 | DL6: =SUMIFS('Raw Data'!$M$3:$M$5000,'Raw Data'!$P$3:$P$5000,"W39",'Raw Data'!$F$3:$F$5000,"*green return*") -> 0 | DM6: =SUMIFS('Raw Data'!$N$3:$N$5000,'Raw Data'!$P$3:$P$5000,"W39",'Raw Data'!$F$3:$F$5000,"*green return*") -> 0 | DN6: =SUMIFS('Raw Data'!$E$3:$E$5000,'Raw Data'!$P$3:$P$5000,"W39",'Raw Data'!$F$3:$F$5000,"*green return*") -> 0 | DO6: =SUMIFS('Raw Data'!$M$3:$M$5000,'Raw Data'!$P$3:$P$5000,"W40",'Raw Data'!$F$3:$F$5000,"*green return*") -> 0 | DP6: =SUMIFS('Raw Data'!$N$3:$N$5000,'Raw Data'!$P$3:$P$5000,"W40",'Raw Data'!$F$3:$F$5000,"*green return*") -> 0 | DQ6: =SUMIFS('Raw Data'!$E$3:$E$5000,'Raw Data'!$P$3:$P$5000,"W40",'Raw Data'!$F$3:$F$5000,"*green return*") -> 0 | DR6: =SUMIFS('Raw Data'!$M$3:$M$5000,'Raw Data'!$P$3:$P$5000,"W41",'Raw Data'!$F$3:$F$5000,"*green return*") -> 0 | DS6: =SUMIFS('Raw Data'!$N$3:$N$5000,'Raw Data'!$P$3:$P$5000,"W41",'Raw Data'!$F$3:$F$5000,"*green return*") -> 0 | DT6: =SUMIFS('Raw Data'!$E$3:$E$5000,'Raw Data'!$P$3:$P$5000,"W41",'Raw Data'!$F$3:$F$5000,"*green return*") -> 0 | DU6: =SUMIFS('Raw Data'!$M$3:$M$5000,'Raw Data'!$P$3:$P$5000,"W42",'Raw Data'!$F$3:$F$5000,"*green return*") -> 0 | DV6: =SUMIFS('Raw Data'!$N$3:$N$5000,'Raw Data'!$P$3:$P$5000,"W42",'Raw Data'!$F$3:$F$5000,"*green return*") -> 0 | DW6: =SUMIFS('Raw Data'!$E$3:$E$5000,'Raw Data'!$P$3:$P$5000,"W42",'Raw Data'!$F$3:$F$5000,"*green return*") -> 0 | DX6: =SUMIFS('Raw Data'!$M$3:$M$5000,'Raw Data'!$P$3:$P$5000,"W43",'Raw Data'!$F$3:$F$5000,"*green return*") -> 0 | DY6: =SUMIFS('Raw Data'!$N$3:$N$5000,'Raw Data'!$P$3:$P$5000,"W43",'Raw Data'!$F$3:$F$5000,"*green return*") -> 0 | DZ6: =SUMIFS('Raw Data'!$E$3:$E$5000,'Raw Data'!$P$3:$P$5000,"W43",'Raw Data'!$F$3:$F$5000,"*green return*") -> 0 | EA6: =SUMIFS('Raw Data'!$M$3:$M$5000,'Raw Data'!$P$3:$P$5000,"W44",'Raw Data'!$F$3:$F$5000,"*green return*") -> 0 | EB6: =SUMIFS('Raw Data'!$N$3:$N$5000,'Raw Data'!$P$3:$P$5000,"W44",'Raw Data'!$F$3:$F$5000,"*green return*") -> 0 | EC6: =SUMIFS('Raw Data'!$E$3:$E$5000,'Raw Data'!$P$3:$P$5000,"W44",'Raw Data'!$F$3:$F$5000,"*green return*") -> 0 | ED6: =SUMIFS('Raw Data'!$M$3:$M$5000,'Raw Data'!$P$3:$P$5000,"W45",'Raw Data'!$F$3:$F$5000,"*green return*") -> 0 | EE6: =SUMIFS('Raw Data'!$N$3:$N$5000,'Raw Data'!$P$3:$P$5000,"W45",'Raw Data'!$F$3:$F$5000,"*green return*") -> 0 | EF6: =SUMIFS('Raw Data'!$E$3:$E$5000,'Raw Data'!$P$3:$P$5000,"W45",'Raw Data'!$F$3:$F$5000,"*green return*") -> 0 | EG6: =SUMIFS('Raw Data'!$M$3:$M$5000,'Raw Data'!$P$3:$P$5000,"W46",'Raw Data'!$F$3:$F$5000,"*green return*") -> 0 | EH6: =SUMIFS('Raw Data'!$N$3:$N$5000,'Raw Data'!$P$3:$P$5000,"W46",'Raw Data'!$F$3:$F$5000,"*green return*") -> 0 | EI6: =SUMIFS('Raw Data'!$E$3:$E$5000,'Raw Data'!$P$3:$P$5000,"W46",'Raw Data'!$F$3:$F$5000,"*green return*") -> 0 | EJ6: =SUMIFS('Raw Data'!$M$3:$M$5000,'Raw Data'!$P$3:$P$5000,"W47",'Raw Data'!$F$3:$F$5000,"*green return*") -> 0 | EK6: =SUMIFS('Raw Data'!$N$3:$N$5000,'Raw Data'!$P$3:$P$5000,"W47",'Raw Data'!$F$3:$F$5000,"*green return*") -> 0 | EL6: =SUMIFS('Raw Data'!$E$3:$E$5000,'Raw Data'!$P$3:$P$5000,"W47",'Raw Data'!$F$3:$F$5000,"*green return*") -> 0 | EM6: =SUMIFS('Raw Data'!$M$3:$M$5000,'Raw Data'!$P$3:$P$5000,"W48",'Raw Data'!$F$3:$F$5000,"*green return*") -> 0 | EN6: =SUMIFS('Raw Data'!$N$3:$N$5000,'Raw Data'!$P$3:$P$5000,"W48",'Raw Data'!$F$3:$F$5000,"*green return*") -> 0 | EO6: =SUMIFS('Raw Data'!$E$3:$E$5000,'Raw Data'!$P$3:$P$5000,"W48",'Raw Data'!$F$3:$F$5000,"*green return*") -> 0 | EP6: =SUMIFS('Raw Data'!$M$3:$M$5000,'Raw Data'!$P$3:$P$5000,"W49",'Raw Data'!$F$3:$F$5000,"*green return*") -> 0 | EQ6: =SUMIFS('Raw Data'!$N$3:$N$5000,'Raw Data'!$P$3:$P$5000,"W49",'Raw Data'!$F$3:$F$5000,"*green return*") -> 0 | ER6: =SUMIFS('Raw Data'!$E$3:$E$5000,'Raw Data'!$P$3:$P$5000,"W49",'Raw Data'!$F$3:$F$5000,"*green return*") -> 0 | ES6: =SUMIFS('Raw Data'!$M$3:$M$5000,'Raw Data'!$P$3:$P$5000,"W50",'Raw Data'!$F$3:$F$5000,"*green return*") -> 0 | ET6: =SUMIFS('Raw Data'!$N$3:$N$5000,'Raw Data'!$P$3:$P$5000,"W50",'Raw Data'!$F$3:$F$5000,"*green return*") -> 0 | EU6: =SUMIFS('Raw Data'!$E$3:$E$5000,'Raw Data'!$P$3:$P$5000,"W50",'Raw Data'!$F$3:$F$5000,"*green return*") -> 0 | EV6: =SUMIFS('Raw Data'!$M$3:$M$5000,'Raw Data'!$P$3:$P$5000,"W51",'Raw Data'!$F$3:$F$5000,"*green return*") -> 0 | EW6: =SUMIFS('Raw Data'!$N$3:$N$5000,'Raw Data'!$P$3:$P$5000,"W51",'Raw Data'!$F$3:$F$5000,"*green return*") -> 0 | EX6: =SUMIFS('Raw Data'!$E$3:$E$5000,'Raw Data'!$P$3:$P$5000,"W51",'Raw Data'!$F$3:$F$5000,"*green return*") -> 0 | EY6: =SUMIFS('Raw Data'!$M$3:$M$5000,'Raw Data'!$P$3:$P$5000,"W52",'Raw Data'!$F$3:$F$5000,"*green return*") -> 0 | EZ6: =SUMIFS('Raw Data'!$N$3:$N$5000,'Raw Data'!$P$3:$P$5000,"W52",'Raw Data'!$F$3:$F$5000,"*green return*") -> 0 | FA6: =SUMIFS('Raw Data'!$E$3:$E$5000,'Raw Data'!$P$3:$P$5000,"W52",'Raw Data'!$F$3:$F$5000,"*green return*") -> 0 | FB6: =B6+E6+H6+K6+N6+Q6+T6+W6+Z6+AC6+AF6+AI6+AL6+AO6+AR6+AU6+AX6+BA6+BD6+BG6+BJ6+BM6+BP6+BS6+BV6+BY6+CB6+CE6+CH6+CK6+CN6+CQ6+CT6+CW6+CZ6+DC6+DF6+DI6+DL6+DO6+DR6+DU6+DX6+EA6+ED6+EG6+EJ6+EM6+EP6+ES6+EV6+EY6 -> 87.32 | FC6: =C6+F6+I6+L6+O6+R6+U6+X6+AA6+AD6+AG6+AJ6+AM6+AP6+AS6+AV6+AY6+BB6+BE6+BH6+BK6+BN6+BQ6+BT6+BW6+BZ6+CC6+CF6+CI6+CL6+CO6+CR6+CU6+CX6+DA6+DD6+DG6+DJ6+DM6+DP6+DS6+DV6+DY6+EB6+EE6+EH6+EK6+EN6+EQ6+ET6+EW6+EZ6 -> 0 | FD6: =D6+G6+J6+M6+P6+S6+V6+Y6+AB6+AE6+AH6+AK6+AN6+AQ6+AT6+AW6+AZ6+BC6+BF6+BI6+BL6+BO6+BR6+BU6+BX6+CA6+CD6+CG6+CJ6+CM6+CP6+CS6+CV6+CY6+DB6+DE6+DH6+DK6+DN6+DQ6+DT6+DW6+DZ6+EC6+EF6+EI6+EL6+EO6+ER6+EU6+EX6+FA6 -> 1
A7: Not Received | B7: =SUMIFS('Raw Data'!$M$3:$M$5000,'Raw Data'!$P$3:$P$5000,"W1",'Raw Data'!$Q$3:$Q$5000,"Not received") -> 0 | C7: =SUMIFS('Raw Data'!$N$3:$N$5000,'Raw Data'!$P$3:$P$5000,"W1",'Raw Data'!$Q$3:$Q$5000,"Not received") -> 0 | D7: =SUMIFS('Raw Data'!$E$3:$E$5000,'Raw Data'!$P$3:$P$5000,"W1",'Raw Data'!$Q$3:$Q$5000,"Not received") -> 0 | E7: =SUMIFS('Raw Data'!$M$3:$M$5000,'Raw Data'!$P$3:$P$5000,"W2",'Raw Data'!$Q$3:$Q$5000,"Not received") -> 0 | F7: =SUMIFS('Raw Data'!$N$3:$N$5000,'Raw Data'!$P$3:$P$5000,"W2",'Raw Data'!$Q$3:$Q$5000,"Not received") -> 0 | G7: =SUMIFS('Raw Data'!$E$3:$E$5000,'Raw Data'!$P$3:$P$5000,"W2",'Raw Data'!$Q$3:$Q$5000,"Not received") -> 0 | H7: =SUMIFS('Raw Data'!$M$3:$M$5000,'Raw Data'!$P$3:$P$5000,"W3",'Raw Data'!$Q$3:$Q$5000,"Not received") -> 0 | I7: =SUMIFS('Raw Data'!$N$3:$N$5000,'Raw Data'!$P$3:$P$5000,"W3",'Raw Data'!$Q$3:$Q$5000,"Not received") -> 0 | J7: =SUMIFS('Raw Data'!$E$3:$E$5000,'Raw Data'!$P$3:$P$5000,"W3",'Raw Data'!$Q$3:$Q$5000,"Not received") -> 0 | K7: =SUMIFS('Raw Data'!$M$3:$M$5000,'Raw Data'!$P$3:$P$5000,"W4",'Raw Data'!$Q$3:$Q$5000,"Not received") -> 0 | L7: =SUMIFS('Raw Data'!$N$3:$N$5000,'Raw Data'!$P$3:$P$5000,"W4",'Raw Data'!$Q$3:$Q$5000,"Not received") -> 0 | M7: =SUMIFS('Raw Data'!$E$3:$E$5000,'Raw Data'!$P$3:$P$5000,"W4",'Raw Data'!$Q$3:$Q$5000,"Not received") -> 0 | N7: =SUMIFS('Raw Data'!$M$3:$M$5000,'Raw Data'!$P$3:$P$5000,"W5",'Raw Data'!$Q$3:$Q$5000,"Not received") -> 0 | O7: =SUMIFS('Raw Data'!$N$3:$N$5000,'Raw Data'!$P$3:$P$5000,"W5",'Raw Data'!$Q$3:$Q$5000,"Not received") -> 0 | P7: =SUMIFS('Raw Data'!$E$3:$E$5000,'Raw Data'!$P$3:$P$5000,"W5",'Raw Data'!$Q$3:$Q$5000,"Not received") -> 0 | Q7: =SUMIFS('Raw Data'!$M$3:$M$5000,'Raw Data'!$P$3:$P$5000,"W6",'Raw Data'!$Q$3:$Q$5000,"Not received") -> 0 | R7: =SUMIFS('Raw Data'!$N$3:$N$5000,'Raw Data'!$P$3:$P$5000,"W6",'Raw Data'!$Q$3:$Q$5000,"Not received") -> 0 | S7: =SUMIFS('Raw Data'!$E$3:$E$5000,'Raw Data'!$P$3:$P$5000,"W6",'Raw Data'!$Q$3:$Q$5000,"Not received") -> 0 | T7: =SUMIFS('Raw Data'!$M$3:$M$5000,'Raw Data'!$P$3:$P$5000,"W7",'Raw Data'!$Q$3:$Q$5000,"Not received") -> 0 | U7: =SUMIFS('Raw Data'!$N$3:$N$5000,'Raw Data'!$P$3:$P$5000,"W7",'Raw Data'!$Q$3:$Q$5000,"Not received") -> 0 | V7: =SUMIFS('Raw Data'!$E$3:$E$5000,'Raw Data'!$P$3:$P$5000,"W7",'Raw Data'!$Q$3:$Q$5000,"Not received") -> 0 | W7: =SUMIFS('Raw Data'!$M$3:$M$5000,'Raw Data'!$P$3:$P$5000,"W8",'Raw Data'!$Q$3:$Q$5000,"Not received") -> 0 | X7: =SUMIFS('Raw Data'!$N$3:$N$5000,'Raw Data'!$P$3:$P$5000,"W8",'Raw Data'!$Q$3:$Q$5000,"Not received") -> 0 | Y7: =SUMIFS('Raw Data'!$E$3:$E$5000,'Raw Data'!$P$3:$P$5000,"W8",'Raw Data'!$Q$3:$Q$5000,"Not received") -> 0 | Z7: =SUMIFS('Raw Data'!$M$3:$M$5000,'Raw Data'!$P$3:$P$5000,"W9",'Raw Data'!$Q$3:$Q$5000,"Not received") -> 1112 | AA7: =SUMIFS('Raw Data'!$N$3:$N$5000,'Raw Data'!$P$3:$P$5000,"W9",'Raw Data'!$Q$3:$Q$5000,"Not received") -> 2284 | AB7: =SUMIFS('Raw Data'!$E$3:$E$5000,'Raw Data'!$P$3:$P$5000,"W9",'Raw Data'!$Q$3:$Q$5000,"Not received") -> 3 | AC7: =SUMIFS('Raw Data'!$M$3:$M$5000,'Raw Data'!$P$3:$P$5000,"W10",'Raw Data'!$Q$3:$Q$5000,"Not received") -> 378.66 | AD7: =SUMIFS('Raw Data'!$N$3:$N$5000,'Raw Data'!$P$3:$P$5000,"W10",'Raw Data'!$Q$3:$Q$5000,"Not received") -> 1002.36 | AE7: =SUMIFS('Raw Data'!$E$3:$E$5000,'Raw Data'!$P$3:$P$5000,"W10",'Raw Data'!$Q$3:$Q$5000,"Not received") -> 4 | AF7: =SUMIFS('Raw Data'!$M$3:$M$5000,'Raw Data'!$P$3:$P$5000,"W11",'Raw Data'!$Q$3:$Q$5000,"Not received") -> 3618 | AG7: =SUMIFS('Raw Data'!$N$3:$N$5000,'Raw Data'!$P$3:$P$5000,"W11",'Raw Data'!$Q$3:$Q$5000,"Not received") -> 7662 | AH7: =SUMIFS('Raw Data'!$E$3:$E$5000,'Raw Data'!$P$3:$P$5000,"W11",'Raw Data'!$Q$3:$Q$5000,"Not received") -> 68 | AI7: =SUMIFS('Raw Data'!$M$3:$M$5000,'Raw Data'!$P$3:$P$5000,"W12",'Raw Data'!$Q$3:$Q$5000,"Not received") -> 0 | AJ7: =SUMIFS('Raw Data'!$N$3:$N$5000,'Raw Data'!$P$3:$P$5000,"W12",'Raw Data'!$Q$3:$Q$5000,"Not received") -> 0 | AK7: =SUMIFS('Raw Data'!$E$3:$E$5000,'Raw Data'!$P$3:$P$5000,"W12",'Raw Data'!$Q$3:$Q$5000,"Not received") -> 0 | AL7: =SUMIFS('Raw Data'!$M$3:$M$5000,'Raw Data'!$P$3:$P$5000,"W13",'Raw Data'!$Q$3:$Q$5000,"Not received") -> 0 | AM7: =SUMIFS('Raw Data'!$N$3:$N$5000,'Raw Data'!$P$3:$P$5000,"W13",'Raw Data'!$Q$3:$Q$5000,"Not received") -> 0 | AN7: =SUMIFS('Raw Data'!$E$3:$E$5000,'Raw Data'!$P$3:$P$5000,"W13",'Raw Data'!$Q$3:$Q$5000,"Not received") -> 0 | AO7: =SUMIFS('Raw Data'!$M$3:$M$5000,'Raw Data'!$P$3:$P$5000,"W14",'Raw Data'!$Q$3:$Q$5000,"Not received") -> 0 | AP7: =SUMIFS('Raw Data'!$N$3:$N$5000,'Raw Data'!$P$3:$P$5000,"W14",'Raw Data'!$Q$3:$Q$5000,"Not received") -> 0 | AQ7: =SUMIFS('Raw Data'!$E$3:$E$5000,'Raw Data'!$P$3:$P$5000,"W14",'Raw Data'!$Q$3:$Q$5000,"Not received") -> 0 | AR7: =SUMIFS('Raw Data'!$M$3:$M$5000,'Raw Data'!$P$3:$P$5000,"W15",'Raw Data'!$Q$3:$Q$5000,"Not received") -> 0 | AS7: =SUMIFS('Raw Data'!$N$3:$N$5000,'Raw Data'!$P$3:$P$5000,"W15",'Raw Data'!$Q$3:$Q$5000,"Not received") -> 0 | AT7: =SUMIFS('Raw Data'!$E$3:$E$5000,'Raw Data'!$P$3:$P$5000,"W15",'Raw Data'!$Q$3:$Q$5000,"Not received") -> 0 | AU7: =SUMIFS('Raw Data'!$M$3:$M$5000,'Raw Data'!$P$3:$P$5000,"W16",'Raw Data'!$Q$3:$Q$5000,"Not received") -> 0 | AV7: =SUMIFS('Raw Data'!$N$3:$N$5000,'Raw Data'!$P$3:$P$5000,"W16",'Raw Data'!$Q$3:$Q$5000,"Not received") -> 0 | AW7: =SUMIFS('Raw Data'!$E$3:$E$5000,'Raw Data'!$P$3:$P$5000,"W16",'Raw Data'!$Q$3:$Q$5000,"Not received") -> 0 | AX7: =SUMIFS('Raw Data'!$M$3:$M$5000,'Raw Data'!$P$3:$P$5000,"W17",'Raw Data'!$Q$3:$Q$5000,"Not received") -> 0 | AY7: =SUMIFS('Raw Data'!$N$3:$N$5000,'Raw Data'!$P$3:$P$5000,"W17",'Raw Data'!$Q$3:$Q$5000,"Not received") -> 0 | AZ7: =SUMIFS('Raw Data'!$E$3:$E$5000,'Raw Data'!$P$3:$P$5000,"W17",'Raw Data'!$Q$3:$Q$5000,"Not received") -> 0 | BA7: =SUMIFS('Raw Data'!$M$3:$M$5000,'Raw Data'!$P$3:$P$5000,"W18",'Raw Data'!$Q$3:$Q$5000,"Not received") -> 0 | BB7: =SUMIFS('Raw Data'!$N$3:$N$5000,'Raw Data'!$P$3:$P$5000,"W18",'Raw Data'!$Q$3:$Q$5000,"Not received") -> 0 | BC7: =SUMIFS('Raw Data'!$E$3:$E$5000,'Raw Data'!$P$3:$P$5000,"W18",'Raw Data'!$Q$3:$Q$5000,"Not received") -> 0 | BD7: =SUMIFS('Raw Data'!$M$3:$M$5000,'Raw Data'!$P$3:$P$5000,"W19",'Raw Data'!$Q$3:$Q$5000,"Not received") -> 0 | BE7: =SUMIFS('Raw Data'!$N$3:$N$5000,'Raw Data'!$P$3:$P$5000,"W19",'Raw Data'!$Q$3:$Q$5000,"Not received") -> 0 | BF7: =SUMIFS('Raw Data'!$E$3:$E$5000,'Raw Data'!$P$3:$P$5000,"W19",'Raw Data'!$Q$3:$Q$5000,"Not received") -> 0 | BG7: =SUMIFS('Raw Data'!$M$3:$M$5000,'Raw Data'!$P$3:$P$5000,"W20",'Raw Data'!$Q$3:$Q$5000,"Not received") -> 0 | BH7: =SUMIFS('Raw Data'!$N$3:$N$5000,'Raw Data'!$P$3:$P$5000,"W20",'Raw Data'!$Q$3:$Q$5000,"Not received") -> 0 | BI7: =SUMIFS('Raw Data'!$E$3:$E$5000,'Raw Data'!$P$3:$P$5000,"W20",'Raw Data'!$Q$3:$Q$5000,"Not received") -> 0 | BJ7: =SUMIFS('Raw Data'!$M$3:$M$5000,'Raw Data'!$P$3:$P$5000,"W21",'Raw Data'!$Q$3:$Q$5000,"Not received") -> 0 | BK7: =SUMIFS('Raw Data'!$N$3:$N$5000,'Raw Data'!$P$3:$P$5000,"W21",'Raw Data'!$Q$3:$Q$5000,"Not received") -> 0 | BL7: =SUMIFS('Raw Data'!$E$3:$E$5000,'Raw Data'!$P$3:$P$5000,"W21",'Raw Data'!$Q$3:$Q$5000,"Not received") -> 0 | BM7: =SUMIFS('Raw Data'!$M$3:$M$5000,'Raw Data'!$P$3:$P$5000,"W22",'Raw Data'!$Q$3:$Q$5000,"Not received") -> 0 | BN7: =SUMIFS('Raw Data'!$N$3:$N$5000,'Raw Data'!$P$3:$P$5000,"W22",'Raw Data'!$Q$3:$Q$5000,"Not received") -> 0 | BO7: =SUMIFS('Raw Data'!$E$3:$E$5000,'Raw Data'!$P$3:$P$5000,"W22",'Raw Data'!$Q$3:$Q$5000,"Not received") -> 0 | BP7: =SUMIFS('Raw Data'!$M$3:$M$5000,'Raw Data'!$P$3:$P$5000,"W23",'Raw Data'!$Q$3:$Q$5000,"Not received") -> 0 | BQ7: =SUMIFS('Raw Data'!$N$3:$N$5000,'Raw Data'!$P$3:$P$5000,"W23",'Raw Data'!$Q$3:$Q$5000,"Not received") -> 0 | BR7: =SUMIFS('Raw Data'!$E$3:$E$5000,'Raw Data'!$P$3:$P$5000,"W23",'Raw Data'!$Q$3:$Q$5000,"Not received") -> 0 | BS7: =SUMIFS('Raw Data'!$M$3:$M$5000,'Raw Data'!$P$3:$P$5000,"W24",'Raw Data'!$Q$3:$Q$5000,"Not received") -> 0 | BT7: =SUMIFS('Raw Data'!$N$3:$N$5000,'Raw Data'!$P$3:$P$5000,"W24",'Raw Data'!$Q$3:$Q$5000,"Not received") -> 0 | BU7: =SUMIFS('Raw Data'!$E$3:$E$5000,'Raw Data'!$P$3:$P$5000,"W24",'Raw Data'!$Q$3:$Q$5000,"Not received") -> 0 | BV7: =SUMIFS('Raw Data'!$M$3:$M$5000,'Raw Data'!$P$3:$P$5000,"W25",'Raw Data'!$Q$3:$Q$5000,"Not received") -> 0 | BW7: =SUMIFS('Raw Data'!$N$3:$N$5000,'Raw Data'!$P$3:$P$5000,"W25",'Raw Data'!$Q$3:$Q$5000,"Not received") -> 0 | BX7: =SUMIFS('Raw Data'!$E$3:$E$5000,'Raw Data'!$P$3:$P$5000,"W25",'Raw Data'!$Q$3:$Q$5000,"Not received") -> 0 | BY7: =SUMIFS('Raw Data'!$M$3:$M$5000,'Raw Data'!$P$3:$P$5000,"W26",'Raw Data'!$Q$3:$Q$5000,"Not received") -> 0 | BZ7: =SUMIFS('Raw Data'!$N$3:$N$5000,'Raw Data'!$P$3:$P$5000,"W26",'Raw Data'!$Q$3:$Q$5000,"Not received") -> 0 | CA7: =SUMIFS('Raw Data'!$E$3:$E$5000,'Raw Data'!$P$3:$P$5000,"W26",'Raw Data'!$Q$3:$Q$5000,"Not received") -> 0 | CB7: =SUMIFS('Raw Data'!$M$3:$M$5000,'Raw Data'!$P$3:$P$5000,"W27",'Raw Data'!$Q$3:$Q$5000,"Not received") -> 0 | CC7: =SUMIFS('Raw Data'!$N$3:$N$5000,'Raw Data'!$P$3:$P$5000,"W27",'Raw Data'!$Q$3:$Q$5000,"Not received") -> 0 | CD7: =SUMIFS('Raw Data'!$E$3:$E$5000,'Raw Data'!$P$3:$P$5000,"W27",'Raw Data'!$Q$3:$Q$5000,"Not received") -> 0 | CE7: =SUMIFS('Raw Data'!$M$3:$M$5000,'Raw Data'!$P$3:$P$5000,"W28",'Raw Data'!$Q$3:$Q$5000,"Not received") -> 0 | CF7: =SUMIFS('Raw Data'!$N$3:$N$5000,'Raw Data'!$P$3:$P$5000,"W28",'Raw Data'!$Q$3:$Q$5000,"Not received") -> 0 | CG7: =SUMIFS('Raw Data'!$E$3:$E$5000,'Raw Data'!$P$3:$P$5000,"W28",'Raw Data'!$Q$3:$Q$5000,"Not received") -> 0 | CH7: =SUMIFS('Raw Data'!$M$3:$M$5000,'Raw Data'!$P$3:$P$5000,"W29",'Raw Data'!$Q$3:$Q$5000,"Not received") -> 0 | CI7: =SUMIFS('Raw Data'!$N$3:$N$5000,'Raw Data'!$P$3:$P$5000,"W29",'Raw Data'!$Q$3:$Q$5000,"Not received") -> 0 | CJ7: =SUMIFS('Raw Data'!$E$3:$E$5000,'Raw Data'!$P$3:$P$5000,"W29",'Raw Data'!$Q$3:$Q$5000,"Not received") -> 0 | CK7: =SUMIFS('Raw Data'!$M$3:$M$5000,'Raw Data'!$P$3:$P$5000,"W30",'Raw Data'!$Q$3:$Q$5000,"Not received") -> 0 | CL7: =SUMIFS('Raw Data'!$N$3:$N$5000,'Raw Data'!$P$3:$P$5000,"W30",'Raw Data'!$Q$3:$Q$5000,"Not received") -> 0 | CM7: =SUMIFS('Raw Data'!$E$3:$E$5000,'Raw Data'!$P$3:$P$5000,"W30",'Raw Data'!$Q$3:$Q$5000,"Not received") -> 0 | CN7: =SUMIFS('Raw Data'!$M$3:$M$5000,'Raw Data'!$P$3:$P$5000,"W31",'Raw Data'!$Q$3:$Q$5000,"Not received") -> 0 | CO7: =SUMIFS('Raw Data'!$N$3:$N$5000,'Raw Data'!$P$3:$P$5000,"W31",'Raw Data'!$Q$3:$Q$5000,"Not received") -> 0 | CP7: =SUMIFS('Raw Data'!$E$3:$E$5000,'Raw Data'!$P$3:$P$5000,"W31",'Raw Data'!$Q$3:$Q$5000,"Not received") -> 0 | CQ7: =SUMIFS('Raw Data'!$M$3:$M$5000,'Raw Data'!$P$3:$P$5000,"W32",'Raw Data'!$Q$3:$Q$5000,"Not received") -> 0 | CR7: =SUMIFS('Raw Data'!$N$3:$N$5000,'Raw Data'!$P$3:$P$5000,"W32",'Raw Data'!$Q$3:$Q$5000,"Not received") -> 0 | CS7: =SUMIFS('Raw Data'!$E$3:$E$5000,'Raw Data'!$P$3:$P$5000,"W32",'Raw Data'!$Q$3:$Q$5000,"Not received") -> 0 | CT7: =SUMIFS('Raw Data'!$M$3:$M$5000,'Raw Data'!$P$3:$P$5000,"W33",'Raw Data'!$Q$3:$Q$5000,"Not received") -> 0 | CU7: =SUMIFS('Raw Data'!$N$3:$N$5000,'Raw Data'!$P$3:$P$5000,"W33",'Raw Data'!$Q$3:$Q$5000,"Not received") -> 0 | CV7: =SUMIFS('Raw Data'!$E$3:$E$5000,'Raw Data'!$P$3:$P$5000,"W33",'Raw Data'!$Q$3:$Q$5000,"Not received") -> 0 | CW7: =SUMIFS('Raw Data'!$M$3:$M$5000,'Raw Data'!$P$3:$P$5000,"W34",'Raw Data'!$Q$3:$Q$5000,"Not received") -> 0 | CX7: =SUMIFS('Raw Data'!$N$3:$N$5000,'Raw Data'!$P$3:$P$5000,"W34",'Raw Data'!$Q$3:$Q$5000,"Not received") -> 0 | CY7: =SUMIFS('Raw Data'!$E$3:$E$5000,'Raw Data'!$P$3:$P$5000,"W34",'Raw Data'!$Q$3:$Q$5000,"Not received") -> 0 | CZ7: =SUMIFS('Raw Data'!$M$3:$M$5000,'Raw Data'!$P$3:$P$5000,"W35",'Raw Data'!$Q$3:$Q$5000,"Not received") -> 0 | DA7: =SUMIFS('Raw Data'!$N$3:$N$5000,'Raw Data'!$P$3:$P$5000,"W35",'Raw Data'!$Q$3:$Q$5000,"Not received") -> 0 | DB7: =SUMIFS('Raw Data'!$E$3:$E$5000,'Raw Data'!$P$3:$P$5000,"W35",'Raw Data'!$Q$3:$Q$5000,"Not received") -> 0 | DC7: =SUMIFS('Raw Data'!$M$3:$M$5000,'Raw Data'!$P$3:$P$5000,"W36",'Raw Data'!$Q$3:$Q$5000,"Not received") -> 0 | DD7: =SUMIFS('Raw Data'!$N$3:$N$5000,'Raw Data'!$P$3:$P$5000,"W36",'Raw Data'!$Q$3:$Q$5000,"Not received") -> 0 | DE7: =SUMIFS('Raw Data'!$E$3:$E$5000,'Raw Data'!$P$3:$P$5000,"W36",'Raw Data'!$Q$3:$Q$5000,"Not received") -> 0 | DF7: =SUMIFS('Raw Data'!$M$3:$M$5000,'Raw Data'!$P$3:$P$5000,"W37",'Raw Data'!$Q$3:$Q$5000,"Not received") -> 0 | DG7: =SUMIFS('Raw Data'!$N$3:$N$5000,'Raw Data'!$P$3:$P$5000,"W37",'Raw Data'!$Q$3:$Q$5000,"Not received") -> 0 | DH7: =SUMIFS('Raw Data'!$E$3:$E$5000,'Raw Data'!$P$3:$P$5000,"W37",'Raw Data'!$Q$3:$Q$5000,"Not received") -> 0 | DI7: =SUMIFS('Raw Data'!$M$3:$M$5000,'Raw Data'!$P$3:$P$5000,"W38",'Raw Data'!$Q$3:$Q$5000,"Not received") -> 0 | DJ7: =SUMIFS('Raw Data'!$N$3:$N$5000,'Raw Data'!$P$3:$P$5000,"W38",'Raw Data'!$Q$3:$Q$5000,"Not received") -> 0 | DK7: =SUMIFS('Raw Data'!$E$3:$E$5000,'Raw Data'!$P$3:$P$5000,"W38",'Raw Data'!$Q$3:$Q$5000,"Not received") -> 0 | DL7: =SUMIFS('Raw Data'!$M$3:$M$5000,'Raw Data'!$P$3:$P$5000,"W39",'Raw Data'!$Q$3:$Q$5000,"Not received") -> 0 | DM7: =SUMIFS('Raw Data'!$N$3:$N$5000,'Raw Data'!$P$3:$P$5000,"W39",'Raw Data'!$Q$3:$Q$5000,"Not received") -> 0 | DN7: =SUMIFS('Raw Data'!$E$3:$E$5000,'Raw Data'!$P$3:$P$5000,"W39",'Raw Data'!$Q$3:$Q$5000,"Not received") -> 0 | DO7: =SUMIFS('Raw Data'!$M$3:$M$5000,'Raw Data'!$P$3:$P$5000,"W40",'Raw Data'!$Q$3:$Q$5000,"Not received") -> 0 | DP7: =SUMIFS('Raw Data'!$N$3:$N$5000,'Raw Data'!$P$3:$P$5000,"W40",'Raw Data'!$Q$3:$Q$5000,"Not received") -> 0 | DQ7: =SUMIFS('Raw Data'!$E$3:$E$5000,'Raw Data'!$P$3:$P$5000,"W40",'Raw Data'!$Q$3:$Q$5000,"Not received") -> 0 | DR7: =SUMIFS('Raw Data'!$M$3:$M$5000,'Raw Data'!$P$3:$P$5000,"W41",'Raw Data'!$Q$3:$Q$5000,"Not received") -> 0 | DS7: =SUMIFS('Raw Data'!$N$3:$N$5000,'Raw Data'!$P$3:$P$5000,"W41",'Raw Data'!$Q$3:$Q$5000,"Not received") -> 0 | DT7: =SUMIFS('Raw Data'!$E$3:$E$5000,'Raw Data'!$P$3:$P$5000,"W41",'Raw Data'!$Q$3:$Q$5000,"Not received") -> 0 | DU7: =SUMIFS('Raw Data'!$M$3:$M$5000,'Raw Data'!$P$3:$P$5000,"W42",'Raw Data'!$Q$3:$Q$5000,"Not received") -> 0 | DV7: =SUMIFS('Raw Data'!$N$3:$N$5000,'Raw Data'!$P$3:$P$5000,"W42",'Raw Data'!$Q$3:$Q$5000,"Not received") -> 0 | DW7: =SUMIFS('Raw Data'!$E$3:$E$5000,'Raw Data'!$P$3:$P$5000,"W42",'Raw Data'!$Q$3:$Q$5000,"Not received") -> 0 | DX7: =SUMIFS('Raw Data'!$M$3:$M$5000,'Raw Data'!$P$3:$P$5000,"W43",'Raw Data'!$Q$3:$Q$5000,"Not received") -> 0 | DY7: =SUMIFS('Raw Data'!$N$3:$N$5000,'Raw Data'!$P$3:$P$5000,"W43",'Raw Data'!$Q$3:$Q$5000,"Not received") -> 0 | DZ7: =SUMIFS('Raw Data'!$E$3:$E$5000,'Raw Data'!$P$3:$P$5000,"W43",'Raw Data'!$Q$3:$Q$5000,"Not received") -> 0 | EA7: =SUMIFS('Raw Data'!$M$3:$M$5000,'Raw Data'!$P$3:$P$5000,"W44",'Raw Data'!$Q$3:$Q$5000,"Not received") -> 0 | EB7: =SUMIFS('Raw Data'!$N$3:$N$5000,'Raw Data'!$P$3:$P$5000,"W44",'Raw Data'!$Q$3:$Q$5000,"Not received") -> 0 | EC7: =SUMIFS('Raw Data'!$E$3:$E$5000,'Raw Data'!$P$3:$P$5000,"W44",'Raw Data'!$Q$3:$Q$5000,"Not received") -> 0 | ED7: =SUMIFS('Raw Data'!$M$3:$M$5000,'Raw Data'!$P$3:$P$5000,"W45",'Raw Data'!$Q$3:$Q$5000,"Not received") -> 0 | EE7: =SUMIFS('Raw Data'!$N$3:$N$5000,'Raw Data'!$P$3:$P$5000,"W45",'Raw Data'!$Q$3:$Q$5000,"Not received") -> 0 | EF7: =SUMIFS('Raw Data'!$E$3:$E$5000,'Raw Data'!$P$3:$P$5000,"W45",'Raw Data'!$Q$3:$Q$5000,"Not received") -> 0 | EG7: =SUMIFS('Raw Data'!$M$3:$M$5000,'Raw Data'!$P$3:$P$5000,"W46",'Raw Data'!$Q$3:$Q$5000,"Not received") -> 0 | EH7: =SUMIFS('Raw Data'!$N$3:$N$5000,'Raw Data'!$P$3:$P$5000,"W46",'Raw Data'!$Q$3:$Q$5000,"Not received") -> 0 | EI7: =SUMIFS('Raw Data'!$E$3:$E$5000,'Raw Data'!$P$3:$P$5000,"W46",'Raw Data'!$Q$3:$Q$5000,"Not received") -> 0 | EJ7: =SUMIFS('Raw Data'!$M$3:$M$5000,'Raw Data'!$P$3:$P$5000,"W47",'Raw Data'!$Q$3:$Q$5000,"Not received") -> 0 | EK7: =SUMIFS('Raw Data'!$N$3:$N$5000,'Raw Data'!$P$3:$P$5000,"W47",'Raw Data'!$Q$3:$Q$5000,"Not received") -> 0 | EL7: =SUMIFS('Raw Data'!$E$3:$E$5000,'Raw Data'!$P$3:$P$5000,"W47",'Raw Data'!$Q$3:$Q$5000,"Not received") -> 0 | EM7: =SUMIFS('Raw Data'!$M$3:$M$5000,'Raw Data'!$P$3:$P$5000,"W48",'Raw Data'!$Q$3:$Q$5000,"Not received") -> 0 | EN7: =SUMIFS('Raw Data'!$N$3:$N$5000,'Raw Data'!$P$3:$P$5000,"W48",'Raw Data'!$Q$3:$Q$5000,"Not received") -> 0 | EO7: =SUMIFS('Raw Data'!$E$3:$E$5000,'Raw Data'!$P$3:$P$5000,"W48",'Raw Data'!$Q$3:$Q$5000,"Not received") -> 0 | EP7: =SUMIFS('Raw Data'!$M$3:$M$5000,'Raw Data'!$P$3:$P$5000,"W49",'Raw Data'!$Q$3:$Q$5000,"Not received") -> 0 | EQ7: =SUMIFS('Raw Data'!$N$3:$N$5000,'Raw Data'!$P$3:$P$5000,"W49",'Raw Data'!$Q$3:$Q$5000,"Not received") -> 0 | ER7: =SUMIFS('Raw Data'!$E$3:$E$5000,'Raw Data'!$P$3:$P$5000,"W49",'Raw Data'!$Q$3:$Q$5000,"Not received") -> 0 | ES7: =SUMIFS('Raw Data'!$M$3:$M$5000,'Raw Data'!$P$3:$P$5000,"W50",'Raw Data'!$Q$3:$Q$5000,"Not received") -> 0 | ET7: =SUMIFS('Raw Data'!$N$3:$N$5000,'Raw Data'!$P$3:$P$5000,"W50",'Raw Data'!$Q$3:$Q$5000,"Not received") -> 0 | EU7: =SUMIFS('Raw Data'!$E$3:$E$5000,'Raw Data'!$P$3:$P$5000,"W50",'Raw Data'!$Q$3:$Q$5000,"Not received") -> 0 | EV7: =SUMIFS('Raw Data'!$M$3:$M$5000,'Raw Data'!$P$3:$P$5000,"W51",'Raw Data'!$Q$3:$Q$5000,"Not received") -> 0 | EW7: =SUMIFS('Raw Data'!$N$3:$N$5000,'Raw Data'!$P$3:$P$5000,"W51",'Raw Data'!$Q$3:$Q$5000,"Not received") -> 0 | EX7: =SUMIFS('Raw Data'!$E$3:$E$5000,'Raw Data'!$P$3:$P$5000,"W51",'Raw Data'!$Q$3:$Q$5000,"Not received") -> 0 | EY7: =SUMIFS('Raw Data'!$M$3:$M$5000,'Raw Data'!$P$3:$P$5000,"W52",'Raw Data'!$Q$3:$Q$5000,"Not received") -> 0 | EZ7: =SUMIFS('Raw Data'!$N$3:$N$5000,'Raw Data'!$P$3:$P$5000,"W52",'Raw Data'!$Q$3:$Q$5000,"Not received") -> 0 | FA7: =SUMIFS('Raw Data'!$E$3:$E$5000,'Raw Data'!$P$3:$P$5000,"W52",'Raw Data'!$Q$3:$Q$5000,"Not received") -> 0 | FB7: =B7+E7+H7+K7+N7+Q7+T7+W7+Z7+AC7+AF7+AI7+AL7+AO7+AR7+AU7+AX7+BA7+BD7+BG7+BJ7+BM7+BP7+BS7+BV7+BY7+CB7+CE7+CH7+CK7+CN7+CQ7+CT7+CW7+CZ7+DC7+DF7+DI7+DL7+DO7+DR7+DU7+DX7+EA7+ED7+EG7+EJ7+EM7+EP7+ES7+EV7+EY7 -> 5108.66 | FC7: =C7+F7+I7+L7+O7+R7+U7+X7+AA7+AD7+AG7+AJ7+AM7+AP7+AS7+AV7+AY7+BB7+BE7+BH7+BK7+BN7+BQ7+BT7+BW7+BZ7+CC7+CF7+CI7+CL7+CO7+CR7+CU7+CX7+DA7+DD7+DG7+DJ7+DM7+DP7+DS7+DV7+DY7+EB7+EE7+EH7+EK7+EN7+EQ7+ET7+EW7+EZ7 -> 10948.36 | FD7: =D7+G7+J7+M7+P7+S7+V7+Y7+AB7+AE7+AH7+AK7+AN7+AQ7+AT7+AW7+AZ7+BC7+BF7+BI7+BL7+BO7+BR7+BU7+BX7+CA7+CD7+CG7+CJ7+CM7+CP7+CS7+CV7+CY7+DB7+DE7+DH7+DK7+DN7+DQ7+DT7+DW7+DZ7+EC7+EF7+EI7+EL7+EO7+ER7+EU7+EX7+FA7 -> 75
A9: A Stock | B9: =SUMIFS('Raw Data'!$M$3:$M$5000,'Raw Data'!$P$3:$P$5000,"W1",'Raw Data'!$R$3:$R$5000,"A") -> 0 | C9: =SUMIFS('Raw Data'!$N$3:$N$5000,'Raw Data'!$P$3:$P$5000,"W1",'Raw Data'!$R$3:$R$5000,"A") -> 0 | D9: =SUMIFS('Raw Data'!$E$3:$E$5000,'Raw Data'!$P$3:$P$5000,"W1",'Raw Data'!$R$3:$R$5000,"A") -> 0 | E9: =SUMIFS('Raw Data'!$M$3:$M$5000,'Raw Data'!$P$3:$P$5000,"W2",'Raw Data'!$R$3:$R$5000,"A") -> 0 | F9: =SUMIFS('Raw Data'!$N$3:$N$5000,'Raw Data'!$P$3:$P$5000,"W2",'Raw Data'!$R$3:$R$5000,"A") -> 0 | G9: =SUMIFS('Raw Data'!$E$3:$E$5000,'Raw Data'!$P$3:$P$5000,"W2",'Raw Data'!$R$3:$R$5000,"A") -> 0 | H9: =SUMIFS('Raw Data'!$M$3:$M$5000,'Raw Data'!$P$3:$P$5000,"W3",'Raw Data'!$R$3:$R$5000,"A") -> 0 | I9: =SUMIFS('Raw Data'!$N$3:$N$5000,'Raw Data'!$P$3:$P$5000,"W3",'Raw Data'!$R$3:$R$5000,"A") -> 0 | J9: =SUMIFS('Raw Data'!$E$3:$E$5000,'Raw Data'!$P$3:$P$5000,"W3",'Raw Data'!$R$3:$R$5000,"A") -> 0 | K9: =SUMIFS('Raw Data'!$M$3:$M$5000,'Raw Data'!$P$3:$P$5000,"W4",'Raw Data'!$R$3:$R$5000,"A") -> 0 | L9: =SUMIFS('Raw Data'!$N$3:$N$5000,'Raw Data'!$P$3:$P$5000,"W4",'Raw Data'!$R$3:$R$5000,"A") -> 0 | M9: =SUMIFS('Raw Data'!$E$3:$E$5000,'Raw Data'!$P$3:$P$5000,"W4",'Raw Data'!$R$3:$R$5000,"A") -> 0 | N9: =SUMIFS('Raw Data'!$M$3:$M$5000,'Raw Data'!$P$3:$P$5000,"W5",'Raw Data'!$R$3:$R$5000,"A") -> 0 | O9: =SUMIFS('Raw Data'!$N$3:$N$5000,'Raw Data'!$P$3:$P$5000,"W5",'Raw Data'!$R$3:$R$5000,"A") -> 0 | P9: =SUMIFS('Raw Data'!$E$3:$E$5000,'Raw Data'!$P$3:$P$5000,"W5",'Raw Data'!$R$3:$R$5000,"A") -> 0 | Q9: =SUMIFS('Raw Data'!$M$3:$M$5000,'Raw Data'!$P$3:$P$5000,"W6",'Raw Data'!$R$3:$R$5000,"A") -> 0 | R9: =SUMIFS('Raw Data'!$N$3:$N$5000,'Raw Data'!$P$3:$P$5000,"W6",'Raw Data'!$R$3:$R$5000,"A") -> 0 | S9: =SUMIFS('Raw Data'!$E$3:$E$5000,'Raw Data'!$P$3:$P$5000,"W6",'Raw Data'!$R$3:$R$5000,"A") -> 0 | T9: =SUMIFS('Raw Data'!$M$3:$M$5000,'Raw Data'!$P$3:$P$5000,"W7",'Raw Data'!$R$3:$R$5000,"A") -> 0 | U9: =SUMIFS('Raw Data'!$N$3:$N$5000,'Raw Data'!$P$3:$P$5000,"W7",'Raw Data'!$R$3:$R$5000,"A") -> 0 | V9: =SUMIFS('Raw Data'!$E$3:$E$5000,'Raw Data'!$P$3:$P$5000,"W7",'Raw Data'!$R$3:$R$5000,"A") -> 0 | W9: =SUMIFS('Raw Data'!$M$3:$M$5000,'Raw Data'!$P$3:$P$5000,"W8",'Raw Data'!$R$3:$R$5000,"A") -> 0 | X9: =SUMIFS('Raw Data'!$N$3:$N$5000,'Raw Data'!$P$3:$P$5000,"W8",'Raw Data'!$R$3:$R$5000,"A") -> 0 | Y9: =SUMIFS('Raw Data'!$E$3:$E$5000,'Raw Data'!$P$3:$P$5000,"W8",'Raw Data'!$R$3:$R$5000,"A") -> 0 | Z9: =SUMIFS('Raw Data'!$M$3:$M$5000,'Raw Data'!$P$3:$P$5000,"W9",'Raw Data'!$R$3:$R$5000,"A") -> 441 | AA9: =SUMIFS('Raw Data'!$N$3:$N$5000,'Raw Data'!$P$3:$P$5000,"W9",'Raw Data'!$R$3:$R$5000,"A") -> 1121 | AB9: =SUMIFS('Raw Data'!$E$3:$E$5000,'Raw Data'!$P$3:$P$5000,"W9",'Raw Data'!$R$3:$R$5000,"A") -> 16 | AC9: =SUMIFS('Raw Data'!$M$3:$M$5000,'Raw Data'!$P$3:$P$5000,"W10",'Raw Data'!$R$3:$R$5000,"A") -> 73.7 | AD9: =SUMIFS('Raw Data'!$N$3:$N$5000,'Raw Data'!$P$3:$P$5000,"W10",'Raw Data'!$R$3:$R$5000,"A") -> 175.16 | AE9: =SUMIFS('Raw Data'!$E$3:$E$5000,'Raw Data'!$P$3:$P$5000,"W10",'Raw Data'!$R$3:$R$5000,"A") -> 2 | AF9: =SUMIFS('Raw Data'!$M$3:$M$5000,'Raw Data'!$P$3:$P$5000,"W11",'Raw Data'!$R$3:$R$5000,"A") -> 316 | AG9: =SUMIFS('Raw Data'!$N$3:$N$5000,'Raw Data'!$P$3:$P$5000,"W11",'Raw Data'!$R$3:$R$5000,"A") -> 677 | AH9: =SUMIFS('Raw Data'!$E$3:$E$5000,'Raw Data'!$P$3:$P$5000,"W11",'Raw Data'!$R$3:$R$5000,"A") -> 27 | AI9: =SUMIFS('Raw Data'!$M$3:$M$5000,'Raw Data'!$P$3:$P$5000,"W12",'Raw Data'!$R$3:$R$5000,"A") -> 0 | AJ9: =SUMIFS('Raw Data'!$N$3:$N$5000,'Raw Data'!$P$3:$P$5000,"W12",'Raw Data'!$R$3:$R$5000,"A") -> 0 | AK9: =SUMIFS('Raw Data'!$E$3:$E$5000,'Raw Data'!$P$3:$P$5000,"W12",'Raw Data'!$R$3:$R$5000,"A") -> 0 | AL9: =SUMIFS('Raw Data'!$M$3:$M$5000,'Raw Data'!$P$3:$P$5000,"W13",'Raw Data'!$R$3:$R$5000,"A") -> 0 | AM9: =SUMIFS('Raw Data'!$N$3:$N$5000,'Raw Data'!$P$3:$P$5000,"W13",'Raw Data'!$R$3:$R$5000,"A") -> 0 | AN9: =SUMIFS('Raw Data'!$E$3:$E$5000,'Raw Data'!$P$3:$P$5000,"W13",'Raw Data'!$R$3:$R$5000,"A") -> 0 | AO9: =SUMIFS('Raw Data'!$M$3:$M$5000,'Raw Data'!$P$3:$P$5000,"W14",'Raw Data'!$R$3:$R$5000,"A") -> 0 | AP9: =SUMIFS('Raw Data'!$N$3:$N$5000,'Raw Data'!$P$3:$P$5000,"W14",'Raw Data'!$R$3:$R$5000,"A") -> 0 | AQ9: =SUMIFS('Raw Data'!$E$3:$E$5000,'Raw Data'!$P$3:$P$5000,"W14",'Raw Data'!$R$3:$R$5000,"A") -> 0 | AR9: =SUMIFS('Raw Data'!$M$3:$M$5000,'Raw Data'!$P$3:$P$5000,"W15",'Raw Data'!$R$3:$R$5000,"A") -> 0 | AS9: =SUMIFS('Raw Data'!$N$3:$N$5000,'Raw Data'!$P$3:$P$5000,"W15",'Raw Data'!$R$3:$R$5000,"A") -> 0 | AT9: =SUMIFS('Raw Data'!$E$3:$E$5000,'Raw Data'!$P$3:$P$5000,"W15",'Raw Data'!$R$3:$R$5000,"A") -> 0 | AU9: =SUMIFS('Raw Data'!$M$3:$M$5000,'Raw Data'!$P$3:$P$5000,"W16",'Raw Data'!$R$3:$R$5000,"A") -> 0 | AV9: =SUMIFS('Raw Data'!$N$3:$N$5000,'Raw Data'!$P$3:$P$5000,"W16",'Raw Data'!$R$3:$R$5000,"A") -> 0 | AW9: =SUMIFS('Raw Data'!$E$3:$E$5000,'Raw Data'!$P$3:$P$5000,"W16",'Raw Data'!$R$3:$R$5000,"A") -> 0 | AX9: =SUMIFS('Raw Data'!$M$3:$M$5000,'Raw Data'!$P$3:$P$5000,"W17",'Raw Data'!$R$3:$R$5000,"A") -> 0 | AY9: =SUMIFS('Raw Data'!$N$3:$N$5000,'Raw Data'!$P$3:$P$5000,"W17",'Raw Data'!$R$3:$R$5000,"A") -> 0 | AZ9: =SUMIFS('Raw Data'!$E$3:$E$5000,'Raw Data'!$P$3:$P$5000,"W17",'Raw Data'!$R$3:$R$5000,"A") -> 0 | BA9: =SUMIFS('Raw Data'!$M$3:$M$5000,'Raw Data'!$P$3:$P$5000,"W18",'Raw Data'!$R$3:$R$5000,"A") -> 0 | BB9: =SUMIFS('Raw Data'!$N$3:$N$5000,'Raw Data'!$P$3:$P$5000,"W18",'Raw Data'!$R$3:$R$5000,"A") -> 0 | BC9: =SUMIFS('Raw Data'!$E$3:$E$5000,'Raw Data'!$P$3:$P$5000,"W18",'Raw Data'!$R$3:$R$5000,"A") -> 0 | BD9: =SUMIFS('Raw Data'!$M$3:$M$5000,'Raw Data'!$P$3:$P$5000,"W19",'Raw Data'!$R$3:$R$5000,"A") -> 0 | BE9: =SUMIFS('Raw Data'!$N$3:$N$5000,'Raw Data'!$P$3:$P$5000,"W19",'Raw Data'!$R$3:$R$5000,"A") -> 0 | BF9: =SUMIFS('Raw Data'!$E$3:$E$5000,'Raw Data'!$P$3:$P$5000,"W19",'Raw Data'!$R$3:$R$5000,"A") -> 0 | BG9: =SUMIFS('Raw Data'!$M$3:$M$5000,'Raw Data'!$P$3:$P$5000,"W20",'Raw Data'!$R$3:$R$5000,"A") -> 0 | BH9: =SUMIFS('Raw Data'!$N$3:$N$5000,'Raw Data'!$P$3:$P$5000,"W20",'Raw Data'!$R$3:$R$5000,"A") -> 0 | BI9: =SUMIFS('Raw Data'!$E$3:$E$5000,'Raw Data'!$P$3:$P$5000,"W20",'Raw Data'!$R$3:$R$5000,"A") -> 0 | BJ9: =SUMIFS('Raw Data'!$M$3:$M$5000,'Raw Data'!$P$3:$P$5000,"W21",'Raw Data'!$R$3:$R$5000,"A") -> 0 | BK9: =SUMIFS('Raw Data'!$N$3:$N$5000,'Raw Data'!$P$3:$P$5000,"W21",'Raw Data'!$R$3:$R$5000,"A") -> 0 | BL9: =SUMIFS('Raw Data'!$E$3:$E$5000,'Raw Data'!$P$3:$P$5000,"W21",'Raw Data'!$R$3:$R$5000,"A") -> 0 | BM9: =SUMIFS('Raw Data'!$M$3:$M$5000,'Raw Data'!$P$3:$P$5000,"W22",'Raw Data'!$R$3:$R$5000,"A") -> 0 | BN9: =SUMIFS('Raw Data'!$N$3:$N$5000,'Raw Data'!$P$3:$P$5000,"W22",'Raw Data'!$R$3:$R$5000,"A") -> 0 | BO9: =SUMIFS('Raw Data'!$E$3:$E$5000,'Raw Data'!$P$3:$P$5000,"W22",'Raw Data'!$R$3:$R$5000,"A") -> 0 | BP9: =SUMIFS('Raw Data'!$M$3:$M$5000,'Raw Data'!$P$3:$P$5000,"W23",'Raw Data'!$R$3:$R$5000,"A") -> 0 | BQ9: =SUMIFS('Raw Data'!$N$3:$N$5000,'Raw Data'!$P$3:$P$5000,"W23",'Raw Data'!$R$3:$R$5000,"A") -> 0 | BR9: =SUMIFS('Raw Data'!$E$3:$E$5000,'Raw Data'!$P$3:$P$5000,"W23",'Raw Data'!$R$3:$R$5000,"A") -> 0 | BS9: =SUMIFS('Raw Data'!$M$3:$M$5000,'Raw Data'!$P$3:$P$5000,"W24",'Raw Data'!$R$3:$R$5000,"A") -> 0 | BT9: =SUMIFS('Raw Data'!$N$3:$N$5000,'Raw Data'!$P$3:$P$5000,"W24",'Raw Data'!$R$3:$R$5000,"A") -> 0 | BU9: =SUMIFS('Raw Data'!$E$3:$E$5000,'Raw Data'!$P$3:$P$5000,"W24",'Raw Data'!$R$3:$R$5000,"A") -> 0 | BV9: =SUMIFS('Raw Data'!$M$3:$M$5000,'Raw Data'!$P$3:$P$5000,"W25",'Raw Data'!$R$3:$R$5000,"A") -> 0 | BW9: =SUMIFS('Raw Data'!$N$3:$N$5000,'Raw Data'!$P$3:$P$5000,"W25",'Raw Data'!$R$3:$R$5000,"A") -> 0 | BX9: =SUMIFS('Raw Data'!$E$3:$E$5000,'Raw Data'!$P$3:$P$5000,"W25",'Raw Data'!$R$3:$R$5000,"A") -> 0 | BY9: =SUMIFS('Raw Data'!$M$3:$M$5000,'Raw Data'!$P$3:$P$5000,"W26",'Raw Data'!$R$3:$R$5000,"A") -> 0 | BZ9: =SUMIFS('Raw Data'!$N$3:$N$5000,'Raw Data'!$P$3:$P$5000,"W26",'Raw Data'!$R$3:$R$5000,"A") -> 0 | CA9: =SUMIFS('Raw Data'!$E$3:$E$5000,'Raw Data'!$P$3:$P$5000,"W26",'Raw Data'!$R$3:$R$5000,"A") -> 0 | CB9: =SUMIFS('Raw Data'!$M$3:$M$5000,'Raw Data'!$P$3:$P$5000,"W27",'Raw Data'!$R$3:$R$5000,"A") -> 0 | CC9: =SUMIFS('Raw Data'!$N$3:$N$5000,'Raw Data'!$P$3:$P$5000,"W27",'Raw Data'!$R$3:$R$5000,"A") -> 0 | CD9: =SUMIFS('Raw Data'!$E$3:$E$5000,'Raw Data'!$P$3:$P$5000,"W27",'Raw Data'!$R$3:$R$5000,"A") -> 0 | CE9: =SUMIFS('Raw Data'!$M$3:$M$5000,'Raw Data'!$P$3:$P$5000,"W28",'Raw Data'!$R$3:$R$5000,"A") -> 0 | CF9: =SUMIFS('Raw Data'!$N$3:$N$5000,'Raw Data'!$P$3:$P$5000,"W28",'Raw Data'!$R$3:$R$5000,"A") -> 0 | CG9: =SUMIFS('Raw Data'!$E$3:$E$5000,'Raw Data'!$P$3:$P$5000,"W28",'Raw Data'!$R$3:$R$5000,"A") -> 0 | CH9: =SUMIFS('Raw Data'!$M$3:$M$5000,'Raw Data'!$P$3:$P$5000,"W29",'Raw Data'!$R$3:$R$5000,"A") -> 0 | CI9: =SUMIFS('Raw Data'!$N$3:$N$5000,'Raw Data'!$P$3:$P$5000,"W29",'Raw Data'!$R$3:$R$5000,"A") -> 0 | CJ9: =SUMIFS('Raw Data'!$E$3:$E$5000,'Raw Data'!$P$3:$P$5000,"W29",'Raw Data'!$R$3:$R$5000,"A") -> 0 | CK9: =SUMIFS('Raw Data'!$M$3:$M$5000,'Raw Data'!$P$3:$P$5000,"W30",'Raw Data'!$R$3:$R$5000,"A") -> 0 | CL9: =SUMIFS('Raw Data'!$N$3:$N$5000,'Raw Data'!$P$3:$P$5000,"W30",'Raw Data'!$R$3:$R$5000,"A") -> 0 | CM9: =SUMIFS('Raw Data'!$E$3:$E$5000,'Raw Data'!$P$3:$P$5000,"W30",'Raw Data'!$R$3:$R$5000,"A") -> 0 | CN9: =SUMIFS('Raw Data'!$M$3:$M$5000,'Raw Data'!$P$3:$P$5000,"W31",'Raw Data'!$R$3:$R$5000,"A") -> 0 | CO9: =SUMIFS('Raw Data'!$N$3:$N$5000,'Raw Data'!$P$3:$P$5000,"W31",'Raw Data'!$R$3:$R$5000,"A") -> 0 | CP9: =SUMIFS('Raw Data'!$E$3:$E$5000,'Raw Data'!$P$3:$P$5000,"W31",'Raw Data'!$R$3:$R$5000,"A") -> 0 | CQ9: =SUMIFS('Raw Data'!$M$3:$M$5000,'Raw Data'!$P$3:$P$5000,"W32",'Raw Data'!$R$3:$R$5000,"A") -> 0 | CR9: =SUMIFS('Raw Data'!$N$3:$N$5000,'Raw Data'!$P$3:$P$5000,"W32",'Raw Data'!$R$3:$R$5000,"A") -> 0 | CS9: =SUMIFS('Raw Data'!$E$3:$E$5000,'Raw Data'!$P$3:$P$5000,"W32",'Raw Data'!$R$3:$R$5000,"A") -> 0 | CT9: =SUMIFS('Raw Data'!$M$3:$M$5000,'Raw Data'!$P$3:$P$5000,"W33",'Raw Data'!$R$3:$R$5000,"A") -> 0 | CU9: =SUMIFS('Raw Data'!$N$3:$N$5000,'Raw Data'!$P$3:$P$5000,"W33",'Raw Data'!$R$3:$R$5000,"A") -> 0 | CV9: =SUMIFS('Raw Data'!$E$3:$E$5000,'Raw Data'!$P$3:$P$5000,"W33",'Raw Data'!$R$3:$R$5000,"A") -> 0 | CW9: =SUMIFS('Raw Data'!$M$3:$M$5000,'Raw Data'!$P$3:$P$5000,"W34",'Raw Data'!$R$3:$R$5000,"A") -> 0 | CX9: =SUMIFS('Raw Data'!$N$3:$N$5000,'Raw Data'!$P$3:$P$5000,"W34",'Raw Data'!$R$3:$R$5000,"A") -> 0 | CY9: =SUMIFS('Raw Data'!$E$3:$E$5000,'Raw Data'!$P$3:$P$5000,"W34",'Raw Data'!$R$3:$R$5000,"A") -> 0 | CZ9: =SUMIFS('Raw Data'!$M$3:$M$5000,'Raw Data'!$P$3:$P$5000,"W35",'Raw Data'!$R$3:$R$5000,"A") -> 0 | DA9: =SUMIFS('Raw Data'!$N$3:$N$5000,'Raw Data'!$P$3:$P$5000,"W35",'Raw Data'!$R$3:$R$5000,"A") -> 0 | DB9: =SUMIFS('Raw Data'!$E$3:$E$5000,'Raw Data'!$P$3:$P$5000,"W35",'Raw Data'!$R$3:$R$5000,"A") -> 0 | DC9: =SUMIFS('Raw Data'!$M$3:$M$5000,'Raw Data'!$P$3:$P$5000,"W36",'Raw Data'!$R$3:$R$5000,"A") -> 0 | DD9: =SUMIFS('Raw Data'!$N$3:$N$5000,'Raw Data'!$P$3:$P$5000,"W36",'Raw Data'!$R$3:$R$5000,"A") -> 0 | DE9: =SUMIFS('Raw Data'!$E$3:$E$5000,'Raw Data'!$P$3:$P$5000,"W36",'Raw Data'!$R$3:$R$5000,"A") -> 0 | DF9: =SUMIFS('Raw Data'!$M$3:$M$5000,'Raw Data'!$P$3:$P$5000,"W37",'Raw Data'!$R$3:$R$5000,"A") -> 0 | DG9: =SUMIFS('Raw Data'!$N$3:$N$5000,'Raw Data'!$P$3:$P$5000,"W37",'Raw Data'!$R$3:$R$5000,"A") -> 0 | DH9: =SUMIFS('Raw Data'!$E$3:$E$5000,'Raw Data'!$P$3:$P$5000,"W37",'Raw Data'!$R$3:$R$5000,"A") -> 0 | DI9: =SUMIFS('Raw Data'!$M$3:$M$5000,'Raw Data'!$P$3:$P$5000,"W38",'Raw Data'!$R$3:$R$5000,"A") -> 0 | DJ9: =SUMIFS('Raw Data'!$N$3:$N$5000,'Raw Data'!$P$3:$P$5000,"W38",'Raw Data'!$R$3:$R$5000,"A") -> 0 | DK9: =SUMIFS('Raw Data'!$E$3:$E$5000,'Raw Data'!$P$3:$P$5000,"W38",'Raw Data'!$R$3:$R$5000,"A") -> 0 | DL9: =SUMIFS('Raw Data'!$M$3:$M$5000,'Raw Data'!$P$3:$P$5000,"W39",'Raw Data'!$R$3:$R$5000,"A") -> 0 | DM9: =SUMIFS('Raw Data'!$N$3:$N$5000,'Raw Data'!$P$3:$P$5000,"W39",'Raw Data'!$R$3:$R$5000,"A") -> 0 | DN9: =SUMIFS('Raw Data'!$E$3:$E$5000,'Raw Data'!$P$3:$P$5000,"W39",'Raw Data'!$R$3:$R$5000,"A") -> 0 | DO9: =SUMIFS('Raw Data'!$M$3:$M$5000,'Raw Data'!$P$3:$P$5000,"W40",'Raw Data'!$R$3:$R$5000,"A") -> 0 | DP9: =SUMIFS('Raw Data'!$N$3:$N$5000,'Raw Data'!$P$3:$P$5000,"W40",'Raw Data'!$R$3:$R$5000,"A") -> 0 | DQ9: =SUMIFS('Raw Data'!$E$3:$E$5000,'Raw Data'!$P$3:$P$5000,"W40",'Raw Data'!$R$3:$R$5000,"A") -> 0 | DR9: =SUMIFS('Raw Data'!$M$3:$M$5000,'Raw Data'!$P$3:$P$5000,"W41",'Raw Data'!$R$3:$R$5000,"A") -> 0 | DS9: =SUMIFS('Raw Data'!$N$3:$N$5000,'Raw Data'!$P$3:$P$5000,"W41",'Raw Data'!$R$3:$R$5000,"A") -> 0 | DT9: =SUMIFS('Raw Data'!$E$3:$E$5000,'Raw Data'!$P$3:$P$5000,"W41",'Raw Data'!$R$3:$R$5000,"A") -> 0 | DU9: =SUMIFS('Raw Data'!$M$3:$M$5000,'Raw Data'!$P$3:$P$5000,"W42",'Raw Data'!$R$3:$R$5000,"A") -> 0 | DV9: =SUMIFS('Raw Data'!$N$3:$N$5000,'Raw Data'!$P$3:$P$5000,"W42",'Raw Data'!$R$3:$R$5000,"A") -> 0 | DW9: =SUMIFS('Raw Data'!$E$3:$E$5000,'Raw Data'!$P$3:$P$5000,"W42",'Raw Data'!$R$3:$R$5000,"A") -> 0 | DX9: =SUMIFS('Raw Data'!$M$3:$M$5000,'Raw Data'!$P$3:$P$5000,"W43",'Raw Data'!$R$3:$R$5000,"A") -> 0 | DY9: =SUMIFS('Raw Data'!$N$3:$N$5000,'Raw Data'!$P$3:$P$5000,"W43",'Raw Data'!$R$3:$R$5000,"A") -> 0 | DZ9: =SUMIFS('Raw Data'!$E$3:$E$5000,'Raw Data'!$P$3:$P$5000,"W43",'Raw Data'!$R$3:$R$5000,"A") -> 0 | EA9: =SUMIFS('Raw Data'!$M$3:$M$5000,'Raw Data'!$P$3:$P$5000,"W44",'Raw Data'!$R$3:$R$5000,"A") -> 0 | EB9: =SUMIFS('Raw Data'!$N$3:$N$5000,'Raw Data'!$P$3:$P$5000,"W44",'Raw Data'!$R$3:$R$5000,"A") -> 0 | EC9: =SUMIFS('Raw Data'!$E$3:$E$5000,'Raw Data'!$P$3:$P$5000,"W44",'Raw Data'!$R$3:$R$5000,"A") -> 0 | ED9: =SUMIFS('Raw Data'!$M$3:$M$5000,'Raw Data'!$P$3:$P$5000,"W45",'Raw Data'!$R$3:$R$5000,"A") -> 0 | EE9: =SUMIFS('Raw Data'!$N$3:$N$5000,'Raw Data'!$P$3:$P$5000,"W45",'Raw Data'!$R$3:$R$5000,"A") -> 0 | EF9: =SUMIFS('Raw Data'!$E$3:$E$5000,'Raw Data'!$P$3:$P$5000,"W45",'Raw Data'!$R$3:$R$5000,"A") -> 0 | EG9: =SUMIFS('Raw Data'!$M$3:$M$5000,'Raw Data'!$P$3:$P$5000,"W46",'Raw Data'!$R$3:$R$5000,"A") -> 0 | EH9: =SUMIFS('Raw Data'!$N$3:$N$5000,'Raw Data'!$P$3:$P$5000,"W46",'Raw Data'!$R$3:$R$5000,"A") -> 0 | EI9: =SUMIFS('Raw Data'!$E$3:$E$5000,'Raw Data'!$P$3:$P$5000,"W46",'Raw Data'!$R$3:$R$5000,"A") -> 0 | EJ9: =SUMIFS('Raw Data'!$M$3:$M$5000,'Raw Data'!$P$3:$P$5000,"W47",'Raw Data'!$R$3:$R$5000,"A") -> 0 | EK9: =SUMIFS('Raw Data'!$N$3:$N$5000,'Raw Data'!$P$3:$P$5000,"W47",'Raw Data'!$R$3:$R$5000,"A") -> 0 | EL9: =SUMIFS('Raw Data'!$E$3:$E$5000,'Raw Data'!$P$3:$P$5000,"W47",'Raw Data'!$R$3:$R$5000,"A") -> 0 | EM9: =SUMIFS('Raw Data'!$M$3:$M$5000,'Raw Data'!$P$3:$P$5000,"W48",'Raw Data'!$R$3:$R$5000,"A") -> 0 | EN9: =SUMIFS('Raw Data'!$N$3:$N$5000,'Raw Data'!$P$3:$P$5000,"W48",'Raw Data'!$R$3:$R$5000,"A") -> 0 | EO9: =SUMIFS('Raw Data'!$E$3:$E$5000,'Raw Data'!$P$3:$P$5000,"W48",'Raw Data'!$R$3:$R$5000,"A") -> 0 | EP9: =SUMIFS('Raw Data'!$M$3:$M$5000,'Raw Data'!$P$3:$P$5000,"W49",'Raw Data'!$R$3:$R$5000,"A") -> 0 | EQ9: =SUMIFS('Raw Data'!$N$3:$N$5000,'Raw Data'!$P$3:$P$5000,"W49",'Raw Data'!$R$3:$R$5000,"A") -> 0 | ER9: =SUMIFS('Raw Data'!$E$3:$E$5000,'Raw Data'!$P$3:$P$5000,"W49",'Raw Data'!$R$3:$R$5000,"A") -> 0 | ES9: =SUMIFS('Raw Data'!$M$3:$M$5000,'Raw Data'!$P$3:$P$5000,"W50",'Raw Data'!$R$3:$R$5000,"A") -> 0 | ET9: =SUMIFS('Raw Data'!$N$3:$N$5000,'Raw Data'!$P$3:$P$5000,"W50",'Raw Data'!$R$3:$R$5000,"A") -> 0 | EU9: =SUMIFS('Raw Data'!$E$3:$E$5000,'Raw Data'!$P$3:$P$5000,"W50",'Raw Data'!$R$3:$R$5000,"A") -> 0 | EV9: =SUMIFS('Raw Data'!$M$3:$M$5000,'Raw Data'!$P$3:$P$5000,"W51",'Raw Data'!$R$3:$R$5000,"A") -> 0 | EW9: =SUMIFS('Raw Data'!$N$3:$N$5000,'Raw Data'!$P$3:$P$5000,"W51",'Raw Data'!$R$3:$R$5000,"A") -> 0 | EX9: =SUMIFS('Raw Data'!$E$3:$E$5000,'Raw Data'!$P$3:$P$5000,"W51",'Raw Data'!$R$3:$R$5000,"A") -> 0 | EY9: =SUMIFS('Raw Data'!$M$3:$M$5000,'Raw Data'!$P$3:$P$5000,"W52",'Raw Data'!$R$3:$R$5000,"A") -> 0 | EZ9: =SUMIFS('Raw Data'!$N$3:$N$5000,'Raw Data'!$P$3:$P$5000,"W52",'Raw Data'!$R$3:$R$5000,"A") -> 0 | FA9: =SUMIFS('Raw Data'!$E$3:$E$5000,'Raw Data'!$P$3:$P$5000,"W52",'Raw Data'!$R$3:$R$5000,"A") -> 0 | FB9: =B9+E9+H9+K9+N9+Q9+T9+W9+Z9+AC9+AF9+AI9+AL9+AO9+AR9+AU9+AX9+BA9+BD9+BG9+BJ9+BM9+BP9+BS9+BV9+BY9+CB9+CE9+CH9+CK9+CN9+CQ9+CT9+CW9+CZ9+DC9+DF9+DI9+DL9+DO9+DR9+DU9+DX9+EA9+ED9+EG9+EJ9+EM9+EP9+ES9+EV9+EY9 -> 830.7 | FC9: =C9+F9+I9+L9+O9+R9+U9+X9+AA9+AD9+AG9+AJ9+AM9+AP9+AS9+AV9+AY9+BB9+BE9+BH9+BK9+BN9+BQ9+BT9+BW9+BZ9+CC9+CF9+CI9+CL9+CO9+CR9+CU9+CX9+DA9+DD9+DG9+DJ9+DM9+DP9+DS9+DV9+DY9+EB9+EE9+EH9+EK9+EN9+EQ9+ET9+EW9+EZ9 -> 1973.16 | FD9: =D9+G9+J9+M9+P9+S9+V9+Y9+AB9+AE9+AH9+AK9+AN9+AQ9+AT9+AW9+AZ9+BC9+BF9+BI9+BL9+BO9+BR9+BU9+BX9+CA9+CD9+CG9+CJ9+CM9+CP9+CS9+CV9+CY9+DB9+DE9+DH9+DK9+DN9+DQ9+DT9+DW9+DZ9+EC9+EF9+EI9+EL9+EO9+ER9+EU9+EX9+FA9 -> 45
A10: B, C, D Stock | B10: =SUMIFS('Raw Data'!$M$3:$M$5000,'Raw Data'!$P$3:$P$5000,"W1",'Raw Data'!$R$3:$R$5000,"B")+SUMIFS('Raw Data'!$M$3:$M$5000,'Raw Data'!$P$3:$P$5000,"W1",'Raw Data'!$R$3:$R$5000,"C")+SUMIFS('Raw Data'!$M$3:$M$5000,'Raw Data'!$P$3:$P$5000,"W1",'Raw Data'!$R$3:$R$5000,"D") -> 0 | C10: =SUMIFS('Raw Data'!$N$3:$N$5000,'Raw Data'!$P$3:$P$5000,"W1",'Raw Data'!$R$3:$R$5000,"B")+SUMIFS('Raw Data'!$N$3:$N$5000,'Raw Data'!$P$3:$P$5000,"W1",'Raw Data'!$R$3:$R$5000,"C")+SUMIFS('Raw Data'!$N$3:$N$5000,'Raw Data'!$P$3:$P$5000,"W1",'Raw Data'!$R$3:$R$5000,"D") -> 0 | D10: =SUMIFS('Raw Data'!$E$3:$E$5000,'Raw Data'!$P$3:$P$5000,"W1",'Raw Data'!$R$3:$R$5000,"B")+SUMIFS('Raw Data'!$E$3:$E$5000,'Raw Data'!$P$3:$P$5000,"W1",'Raw Data'!$R$3:$R$5000,"C")+SUMIFS('Raw Data'!$E$3:$E$5000,'Raw Data'!$P$3:$P$5000,"W1",'Raw Data'!$R$3:$R$5000,"D") -> 0 | E10: =SUMIFS('Raw Data'!$M$3:$M$5000,'Raw Data'!$P$3:$P$5000,"W2",'Raw Data'!$R$3:$R$5000,"B")+SUMIFS('Raw Data'!$M$3:$M$5000,'Raw Data'!$P$3:$P$5000,"W2",'Raw Data'!$R$3:$R$5000,"C")+SUMIFS('Raw Data'!$M$3:$M$5000,'Raw Data'!$P$3:$P$5000,"W2",'Raw Data'!$R$3:$R$5000,"D") -> 0 | F10: =SUMIFS('Raw Data'!$N$3:$N$5000,'Raw Data'!$P$3:$P$5000,"W2",'Raw Data'!$R$3:$R$5000,"B")+SUMIFS('Raw Data'!$N$3:$N$5000,'Raw Data'!$P$3:$P$5000,"W2",'Raw Data'!$R$3:$R$5000,"C")+SUMIFS('Raw Data'!$N$3:$N$5000,'Raw Data'!$P$3:$P$5000,"W2",'Raw Data'!$R$3:$R$5000,"D") -> 0 | G10: =SUMIFS('Raw Data'!$E$3:$E$5000,'Raw Data'!$P$3:$P$5000,"W2",'Raw Data'!$R$3:$R$5000,"B")+SUMIFS('Raw Data'!$E$3:$E$5000,'Raw Data'!$P$3:$P$5000,"W2",'Raw Data'!$R$3:$R$5000,"C")+SUMIFS('Raw Data'!$E$3:$E$5000,'Raw Data'!$P$3:$P$5000,"W2",'Raw Data'!$R$3:$R$5000,"D") -> 0 | H10: =SUMIFS('Raw Data'!$M$3:$M$5000,'Raw Data'!$P$3:$P$5000,"W3",'Raw Data'!$R$3:$R$5000,"B")+SUMIFS('Raw Data'!$M$3:$M$5000,'Raw Data'!$P$3:$P$5000,"W3",'Raw Data'!$R$3:$R$5000,"C")+SUMIFS('Raw Data'!$M$3:$M$5000,'Raw Data'!$P$3:$P$5000,"W3",'Raw Data'!$R$3:$R$5000,"D") -> 0 | I10: =SUMIFS('Raw Data'!$N$3:$N$5000,'Raw Data'!$P$3:$P$5000,"W3",'Raw Data'!$R$3:$R$5000,"B")+SUMIFS('Raw Data'!$N$3:$N$5000,'Raw Data'!$P$3:$P$5000,"W3",'Raw Data'!$R$3:$R$5000,"C")+SUMIFS('Raw Data'!$N$3:$N$5000,'Raw Data'!$P$3:$P$5000,"W3",'Raw Data'!$R$3:$R$5000,"D") -> 0 | J10: =SUMIFS('Raw Data'!$E$3:$E$5000,'Raw Data'!$P$3:$P$5000,"W3",'Raw Data'!$R$3:$R$5000,"B")+SUMIFS('Raw Data'!$E$3:$E$5000,'Raw Data'!$P$3:$P$5000,"W3",'Raw Data'!$R$3:$R$5000,"C")+SUMIFS('Raw Data'!$E$3:$E$5000,'Raw Data'!$P$3:$P$5000,"W3",'Raw Data'!$R$3:$R$5000,"D") -> 0 | K10: =SUMIFS('Raw Data'!$M$3:$M$5000,'Raw Data'!$P$3:$P$5000,"W4",'Raw Data'!$R$3:$R$5000,"B")+SUMIFS('Raw Data'!$M$3:$M$5000,'Raw Data'!$P$3:$P$5000,"W4",'Raw Data'!$R$3:$R$5000,"C")+SUMIFS('Raw Data'!$M$3:$M$5000,'Raw Data'!$P$3:$P$5000,"W4",'Raw Data'!$R$3:$R$5000,"D") -> 0 | L10: =SUMIFS('Raw Data'!$N$3:$N$5000,'Raw Data'!$P$3:$P$5000,"W4",'Raw Data'!$R$3:$R$5000,"B")+SUMIFS('Raw Data'!$N$3:$N$5000,'Raw Data'!$P$3:$P$5000,"W4",'Raw Data'!$R$3:$R$5000,"C")+SUMIFS('Raw Data'!$N$3:$N$5000,'Raw Data'!$P$3:$P$5000,"W4",'Raw Data'!$R$3:$R$5000,"D") -> 0 | M10: =SUMIFS('Raw Data'!$E$3:$E$5000,'Raw Data'!$P$3:$P$5000,"W4",'Raw Data'!$R$3:$R$5000,"B")+SUMIFS('Raw Data'!$E$3:$E$5000,'Raw Data'!$P$3:$P$5000,"W4",'Raw Data'!$R$3:$R$5000,"C")+SUMIFS('Raw Data'!$E$3:$E$5000,'Raw Data'!$P$3:$P$5000,"W4",'Raw Data'!$R$3:$R$5000,"D") -> 0 | N10: =SUMIFS('Raw Data'!$M$3:$M$5000,'Raw Data'!$P$3:$P$5000,"W5",'Raw Data'!$R$3:$R$5000,"B")+SUMIFS('Raw Data'!$M$3:$M$5000,'Raw Data'!$P$3:$P$5000,"W5",'Raw Data'!$R$3:$R$5000,"C")+SUMIFS('Raw Data'!$M$3:$M$5000,'Raw Data'!$P$3:$P$5000,"W5",'Raw Data'!$R$3:$R$5000,"D") -> 0 | O10: =SUMIFS('Raw Data'!$N$3:$N$5000,'Raw Data'!$P$3:$P$5000,"W5",'Raw Data'!$R$3:$R$5000,"B")+SUMIFS('Raw Data'!$N$3:$N$5000,'Raw Data'!$P$3:$P$5000,"W5",'Raw Data'!$R$3:$R$5000,"C")+SUMIFS('Raw Data'!$N$3:$N$5000,'Raw Data'!$P$3:$P$5000,"W5",'Raw Data'!$R$3:$R$5000,"D") -> 0 | P10: =SUMIFS('Raw Data'!$E$3:$E$5000,'Raw Data'!$P$3:$P$5000,"W5",'Raw Data'!$R$3:$R$5000,"B")+SUMIFS('Raw Data'!$E$3:$E$5000,'Raw Data'!$P$3:$P$5000,"W5",'Raw Data'!$R$3:$R$5000,"C")+SUMIFS('Raw Data'!$E$3:$E$5000,'Raw Data'!$P$3:$P$5000,"W5",'Raw Data'!$R$3:$R$5000,"D") -> 0 | Q10: =SUMIFS('Raw Data'!$M$3:$M$5000,'Raw Data'!$P$3:$P$5000,"W6",'Raw Data'!$R$3:$R$5000,"B")+SUMIFS('Raw Data'!$M$3:$M$5000,'Raw Data'!$P$3:$P$5000,"W6",'Raw Data'!$R$3:$R$5000,"C")+SUMIFS('Raw Data'!$M$3:$M$5000,'Raw Data'!$P$3:$P$5000,"W6",'Raw Data'!$R$3:$R$5000,"D") -> 0 | R10: =SUMIFS('Raw Data'!$N$3:$N$5000,'Raw Data'!$P$3:$P$5000,"W6",'Raw Data'!$R$3:$R$5000,"B")+SUMIFS('Raw Data'!$N$3:$N$5000,'Raw Data'!$P$3:$P$5000,"W6",'Raw Data'!$R$3:$R$5000,"C")+SUMIFS('Raw Data'!$N$3:$N$5000,'Raw Data'!$P$3:$P$5000,"W6",'Raw Data'!$R$3:$R$5000,"D") -> 0 | S10: =SUMIFS('Raw Data'!$E$3:$E$5000,'Raw Data'!$P$3:$P$5000,"W6",'Raw Data'!$R$3:$R$5000,"B")+SUMIFS('Raw Data'!$E$3:$E$5000,'Raw Data'!$P$3:$P$5000,"W6",'Raw Data'!$R$3:$R$5000,"C")+SUMIFS('Raw Data'!$E$3:$E$5000,'Raw Data'!$P$3:$P$5000,"W6",'Raw Data'!$R$3:$R$5000,"D") -> 0 | T10: =SUMIFS('Raw Data'!$M$3:$M$5000,'Raw Data'!$P$3:$P$5000,"W7",'Raw Data'!$R$3:$R$5000,"B")+SUMIFS('Raw Data'!$M$3:$M$5000,'Raw Data'!$P$3:$P$5000,"W7",'Raw Data'!$R$3:$R$5000,"C")+SUMIFS('Raw Data'!$M$3:$M$5000,'Raw Data'!$P$3:$P$5000,"W7",'Raw Data'!$R$3:$R$5000,"D") -> 0 | U10: =SUMIFS('Raw Data'!$N$3:$N$5000,'Raw Data'!$P$3:$P$5000,"W7",'Raw Data'!$R$3:$R$5000,"B")+SUMIFS('Raw Data'!$N$3:$N$5000,'Raw Data'!$P$3:$P$5000,"W7",'Raw Data'!$R$3:$R$5000,"C")+SUMIFS('Raw Data'!$N$3:$N$5000,'Raw Data'!$P$3:$P$5000,"W7",'Raw Data'!$R$3:$R$5000,"D") -> 0 | V10: =SUMIFS('Raw Data'!$E$3:$E$5000,'Raw Data'!$P$3:$P$5000,"W7",'Raw Data'!$R$3:$R$5000,"B")+SUMIFS('Raw Data'!$E$3:$E$5000,'Raw Data'!$P$3:$P$5000,"W7",'Raw Data'!$R$3:$R$5000,"C")+SUMIFS('Raw Data'!$E$3:$E$5000,'Raw Data'!$P$3:$P$5000,"W7",'Raw Data'!$R$3:$R$5000,"D") -> 0 | W10: =SUMIFS('Raw Data'!$M$3:$M$5000,'Raw Data'!$P$3:$P$5000,"W8",'Raw Data'!$R$3:$R$5000,"B")+SUMIFS('Raw Data'!$M$3:$M$5000,'Raw Data'!$P$3:$P$5000,"W8",'Raw Data'!$R$3:$R$5000,"C")+SUMIFS('Raw Data'!$M$3:$M$5000,'Raw Data'!$P$3:$P$5000,"W8",'Raw Data'!$R$3:$R$5000,"D") -> 0 | X10: =SUMIFS('Raw Data'!$N$3:$N$5000,'Raw Data'!$P$3:$P$5000,"W8",'Raw Data'!$R$3:$R$5000,"B")+SUMIFS('Raw Data'!$N$3:$N$5000,'Raw Data'!$P$3:$P$5000,"W8",'Raw Data'!$R$3:$R$5000,"C")+SUMIFS('Raw Data'!$N$3:$N$5000,'Raw Data'!$P$3:$P$5000,"W8",'Raw Data'!$R$3:$R$5000,"D") -> 0 | Y10: =SUMIFS('Raw Data'!$E$3:$E$5000,'Raw Data'!$P$3:$P$5000,"W8",'Raw Data'!$R$3:$R$5000,"B")+SUMIFS('Raw Data'!$E$3:$E$5000,'Raw Data'!$P$3:$P$5000,"W8",'Raw Data'!$R$3:$R$5000,"C")+SUMIFS('Raw Data'!$E$3:$E$5000,'Raw Data'!$P$3:$P$5000,"W8",'Raw Data'!$R$3:$R$5000,"D") -> 0 | Z10: =SUMIFS('Raw Data'!$M$3:$M$5000,'Raw Data'!$P$3:$P$5000,"W9",'Raw Data'!$R$3:$R$5000,"B")+SUMIFS('Raw Data'!$M$3:$M$5000,'Raw Data'!$P$3:$P$5000,"W9",'Raw Data'!$R$3:$R$5000,"C")+SUMIFS('Raw Data'!$M$3:$M$5000,'Raw Data'!$P$3:$P$5000,"W9",'Raw Data'!$R$3:$R$5000,"D") -> 0 | AA10: =SUMIFS('Raw Data'!$N$3:$N$5000,'Raw Data'!$P$3:$P$5000,"W9",'Raw Data'!$R$3:$R$5000,"B")+SUMIFS('Raw Data'!$N$3:$N$5000,'Raw Data'!$P$3:$P$5000,"W9",'Raw Data'!$R$3:$R$5000,"C")+SUMIFS('Raw Data'!$N$3:$N$5000,'Raw Data'!$P$3:$P$5000,"W9",'Raw Data'!$R$3:$R$5000,"D") -> 0 | AB10: =SUMIFS('Raw Data'!$E$3:$E$5000,'Raw Data'!$P$3:$P$5000,"W9",'Raw Data'!$R$3:$R$5000,"B")+SUMIFS('Raw Data'!$E$3:$E$5000,'Raw Data'!$P$3:$P$5000,"W9",'Raw Data'!$R$3:$R$5000,"C")+SUMIFS('Raw Data'!$E$3:$E$5000,'Raw Data'!$P$3:$P$5000,"W9",'Raw Data'!$R$3:$R$5000,"D") -> 0 | AC10: =SUMIFS('Raw Data'!$M$3:$M$5000,'Raw Data'!$P$3:$P$5000,"W10",'Raw Data'!$R$3:$R$5000,"B")+SUMIFS('Raw Data'!$M$3:$M$5000,'Raw Data'!$P$3:$P$5000,"W10",'Raw Data'!$R$3:$R$5000,"C")+SUMIFS('Raw Data'!$M$3:$M$5000,'Raw Data'!$P$3:$P$5000,"W10",'Raw Data'!$R$3:$R$5000,"D") -> 0 | AD10: =SUMIFS('Raw Data'!$N$3:$N$5000,'Raw Data'!$P$3:$P$5000,"W10",'Raw Data'!$R$3:$R$5000,"B")+SUMIFS('Raw Data'!$N$3:$N$5000,'Raw Data'!$P$3:$P$5000,"W10",'Raw Data'!$R$3:$R$5000,"C")+SUMIFS('Raw Data'!$N$3:$N$5000,'Raw Data'!$P$3:$P$5000,"W10",'Raw Data'!$R$3:$R$5000,"D") -> 0 | AE10: =SUMIFS('Raw Data'!$E$3:$E$5000,'Raw Data'!$P$3:$P$5000,"W10",'Raw Data'!$R$3:$R$5000,"B")+SUMIFS('Raw Data'!$E$3:$E$5000,'Raw Data'!$P$3:$P$5000,"W10",'Raw Data'!$R$3:$R$5000,"C")+SUMIFS('Raw Data'!$E$3:$E$5000,'Raw Data'!$P$3:$P$5000,"W10",'Raw Data'!$R$3:$R$5000,"D") -> 0 | AF10: =SUMIFS('Raw Data'!$M$3:$M$5000,'Raw Data'!$P$3:$P$5000,"W11",'Raw Data'!$R$3:$R$5000,"B")+SUMIFS('Raw Data'!$M$3:$M$5000,'Raw Data'!$P$3:$P$5000,"W11",'Raw Data'!$R$3:$R$5000,"C")+SUMIFS('Raw Data'!$M$3:$M$5000,'Raw Data'!$P$3:$P$5000,"W11",'Raw Data'!$R$3:$R$5000,"D") -> 0 | AG10: =SUMIFS('Raw Data'!$N$3:$N$5000,'Raw Data'!$P$3:$P$5000,"W11",'Raw Data'!$R$3:$R$5000,"B")+SUMIFS('Raw Data'!$N$3:$N$5000,'Raw Data'!$P$3:$P$5000,"W11",'Raw Data'!$R$3:$R$5000,"C")+SUMIFS('Raw Data'!$N$3:$N$5000,'Raw Data'!$P$3:$P$5000,"W11",'Raw Data'!$R$3:$R$5000,"D") -> 0 | AH10: =SUMIFS('Raw Data'!$E$3:$E$5000,'Raw Data'!$P$3:$P$5000,"W11",'Raw Data'!$R$3:$R$5000,"B")+SUMIFS('Raw Data'!$E$3:$E$5000,'Raw Data'!$P$3:$P$5000,"W11",'Raw Data'!$R$3:$R$5000,"C")+SUMIFS('Raw Data'!$E$3:$E$5000,'Raw Data'!$P$3:$P$5000,"W11",'Raw Data'!$R$3:$R$5000,"D") -> 0 | AI10: =SUMIFS('Raw Data'!$M$3:$M$5000,'Raw Data'!$P$3:$P$5000,"W12",'Raw Data'!$R$3:$R$5000,"B")+SUMIFS('Raw Data'!$M$3:$M$5000,'Raw Data'!$P$3:$P$5000,"W12",'Raw Data'!$R$3:$R$5000,"C")+SUMIFS('Raw Data'!$M$3:$M$5000,'Raw Data'!$P$3:$P$5000,"W12",'Raw Data'!$R$3:$R$5000,"D") -> 0 | AJ10: =SUMIFS('Raw Data'!$N$3:$N$5000,'Raw Data'!$P$3:$P$5000,"W12",'Raw Data'!$R$3:$R$5000,"B")+SUMIFS('Raw Data'!$N$3:$N$5000,'Raw Data'!$P$3:$P$5000,"W12",'Raw Data'!$R$3:$R$5000,"C")+SUMIFS('Raw Data'!$N$3:$N$5000,'Raw Data'!$P$3:$P$5000,"W12",'Raw Data'!$R$3:$R$5000,"D") -> 0 | AK10: =SUMIFS('Raw Data'!$E$3:$E$5000,'Raw Data'!$P$3:$P$5000,"W12",'Raw Data'!$R$3:$R$5000,"B")+SUMIFS('Raw Data'!$E$3:$E$5000,'Raw Data'!$P$3:$P$5000,"W12",'Raw Data'!$R$3:$R$5000,"C")+SUMIFS('Raw Data'!$E$3:$E$5000,'Raw Data'!$P$3:$P$5000,"W12",'Raw Data'!$R$3:$R$5000,"D") -> 0 | AL10: =SUMIFS('Raw Data'!$M$3:$M$5000,'Raw Data'!$P$3:$P$5000,"W13",'Raw Data'!$R$3:$R$5000,"B")+SUMIFS('Raw Data'!$M$3:$M$5000,'Raw Data'!$P$3:$P$5000,"W13",'Raw Data'!$R$3:$R$5000,"C")+SUMIFS('Raw Data'!$M$3:$M$5000,'Raw Data'!$P$3:$P$5000,"W13",'Raw Data'!$R$3:$R$5000,"D") -> 0 | AM10: =SUMIFS('Raw Data'!$N$3:$N$5000,'Raw Data'!$P$3:$P$5000,"W13",'Raw Data'!$R$3:$R$5000,"B")+SUMIFS('Raw Data'!$N$3:$N$5000,'Raw Data'!$P$3:$P$5000,"W13",'Raw Data'!$R$3:$R$5000,"C")+SUMIFS('Raw Data'!$N$3:$N$5000,'Raw Data'!$P$3:$P$5000,"W13",'Raw Data'!$R$3:$R$5000,"D") -> 0 | AN10: =SUMIFS('Raw Data'!$E$3:$E$5000,'Raw Data'!$P$3:$P$5000,"W13",'Raw Data'!$R$3:$R$5000,"B")+SUMIFS('Raw Data'!$E$3:$E$5000,'Raw Data'!$P$3:$P$5000,"W13",'Raw Data'!$R$3:$R$5000,"C")+SUMIFS('Raw Data'!$E$3:$E$5000,'Raw Data'!$P$3:$P$5000,"W13",'Raw Data'!$R$3:$R$5000,"D") -> 0 | AO10: =SUMIFS('Raw Data'!$M$3:$M$5000,'Raw Data'!$P$3:$P$5000,"W14",'Raw Data'!$R$3:$R$5000,"B")+SUMIFS('Raw Data'!$M$3:$M$5000,'Raw Data'!$P$3:$P$5000,"W14",'Raw Data'!$R$3:$R$5000,"C")+SUMIFS('Raw Data'!$M$3:$M$5000,'Raw Data'!$P$3:$P$5000,"W14",'Raw Data'!$R$3:$R$5000,"D") -> 0 | AP10: =SUMIFS('Raw Data'!$N$3:$N$5000,'Raw Data'!$P$3:$P$5000,"W14",'Raw Data'!$R$3:$R$5000,"B")+SUMIFS('Raw Data'!$N$3:$N$5000,'Raw Data'!$P$3:$P$5000,"W14",'Raw Data'!$R$3:$R$5000,"C")+SUMIFS('Raw Data'!$N$3:$N$5000,'Raw Data'!$P$3:$P$5000,"W14",'Raw Data'!$R$3:$R$5000,"D") -> 0 | AQ10: =SUMIFS('Raw Data'!$E$3:$E$5000,'Raw Data'!$P$3:$P$5000,"W14",'Raw Data'!$R$3:$R$5000,"B")+SUMIFS('Raw Data'!$E$3:$E$5000,'Raw Data'!$P$3:$P$5000,"W14",'Raw Data'!$R$3:$R$5000,"C")+SUMIFS('Raw Data'!$E$3:$E$5000,'Raw Data'!$P$3:$P$5000,"W14",'Raw Data'!$R$3:$R$5000,"D") -> 0 | AR10: =SUMIFS('Raw Data'!$M$3:$M$5000,'Raw Data'!$P$3:$P$5000,"W15",'Raw Data'!$R$3:$R$5000,"B")+SUMIFS('Raw Data'!$M$3:$M$5000,'Raw Data'!$P$3:$P$5000,"W15",'Raw Data'!$R$3:$R$5000,"C")+SUMIFS('Raw Data'!$M$3:$M$5000,'Raw Data'!$P$3:$P$5000,"W15",'Raw Data'!$R$3:$R$5000,"D") -> 0 | AS10: =SUMIFS('Raw Data'!$N$3:$N$5000,'Raw Data'!$P$3:$P$5000,"W15",'Raw Data'!$R$3:$R$5000,"B")+SUMIFS('Raw Data'!$N$3:$N$5000,'Raw Data'!$P$3:$P$5000,"W15",'Raw Data'!$R$3:$R$5000,"C")+SUMIFS('Raw Data'!$N$3:$N$5000,'Raw Data'!$P$3:$P$5000,"W15",'Raw Data'!$R$3:$R$5000,"D") -> 0 | AT10: =SUMIFS('Raw Data'!$E$3:$E$5000,'Raw Data'!$P$3:$P$5000,"W15",'Raw Data'!$R$3:$R$5000,"B")+SUMIFS('Raw Data'!$E$3:$E$5000,'Raw Data'!$P$3:$P$5000,"W15",'Raw Data'!$R$3:$R$5000,"C")+SUMIFS('Raw Data'!$E$3:$E$5000,'Raw Data'!$P$3:$P$5000,"W15",'Raw Data'!$R$3:$R$5000,"D") -> 0 | AU10: =SUMIFS('Raw Data'!$M$3:$M$5000,'Raw Data'!$P$3:$P$5000,"W16",'Raw Data'!$R$3:$R$5000,"B")+SUMIFS('Raw Data'!$M$3:$M$5000,'Raw Data'!$P$3:$P$5000,"W16",'Raw Data'!$R$3:$R$5000,"C")+SUMIFS('Raw Data'!$M$3:$M$5000,'Raw Data'!$P$3:$P$5000,"W16",'Raw Data'!$R$3:$R$5000,"D") -> 0 | AV10: =SUMIFS('Raw Data'!$N$3:$N$5000,'Raw Data'!$P$3:$P$5000,"W16",'Raw Data'!$R$3:$R$5000,"B")+SUMIFS('Raw Data'!$N$3:$N$5000,'Raw Data'!$P$3:$P$5000,"W16",'Raw Data'!$R$3:$R$5000,"C")+SUMIFS('Raw Data'!$N$3:$N$5000,'Raw Data'!$P$3:$P$5000,"W16",'Raw Data'!$R$3:$R$5000,"D") -> 0 | AW10: =SUMIFS('Raw Data'!$E$3:$E$5000,'Raw Data'!$P$3:$P$5000,"W16",'Raw Data'!$R$3:$R$5000,"B")+SUMIFS('Raw Data'!$E$3:$E$5000,'Raw Data'!$P$3:$P$5000,"W16",'Raw Data'!$R$3:$R$5000,"C")+SUMIFS('Raw Data'!$E$3:$E$5000,'Raw Data'!$P$3:$P$5000,"W16",'Raw Data'!$R$3:$R$5000,"D") -> 0 | AX10: =SUMIFS('Raw Data'!$M$3:$M$5000,'Raw Data'!$P$3:$P$5000,"W17",'Raw Data'!$R$3:$R$5000,"B")+SUMIFS('Raw Data'!$M$3:$M$5000,'Raw Data'!$P$3:$P$5000,"W17",'Raw Data'!$R$3:$R$5000,"C")+SUMIFS('Raw Data'!$M$3:$M$5000,'Raw Data'!$P$3:$P$5000,"W17",'Raw Data'!$R$3:$R$5000,"D") -> 0 | AY10: =SUMIFS('Raw Data'!$N$3:$N$5000,'Raw Data'!$P$3:$P$5000,"W17",'Raw Data'!$R$3:$R$5000,"B")+SUMIFS('Raw Data'!$N$3:$N$5000,'Raw Data'!$P$3:$P$5000,"W17",'Raw Data'!$R$3:$R$5000,"C")+SUMIFS('Raw Data'!$N$3:$N$5000,'Raw Data'!$P$3:$P$5000,"W17",'Raw Data'!$R$3:$R$5000,"D") -> 0 | AZ10: =SUMIFS('Raw Data'!$E$3:$E$5000,'Raw Data'!$P$3:$P$5000,"W17",'Raw Data'!$R$3:$R$5000,"B")+SUMIFS('Raw Data'!$E$3:$E$5000,'Raw Data'!$P$3:$P$5000,"W17",'Raw Data'!$R$3:$R$5000,"C")+SUMIFS('Raw Data'!$E$3:$E$5000,'Raw Data'!$P$3:$P$5000,"W17",'Raw Data'!$R$3:$R$5000,"D") -> 0 | BA10: =SUMIFS('Raw Data'!$M$3:$M$5000,'Raw Data'!$P$3:$P$5000,"W18",'Raw Data'!$R$3:$R$5000,"B")+SUMIFS('Raw Data'!$M$3:$M$5000,'Raw Data'!$P$3:$P$5000,"W18",'Raw Data'!$R$3:$R$5000,"C")+SUMIFS('Raw Data'!$M$3:$M$5000,'Raw Data'!$P$3:$P$5000,"W18",'Raw Data'!$R$3:$R$5000,"D") -> 0 | BB10: =SUMIFS('Raw Data'!$N$3:$N$5000,'Raw Data'!$P$3:$P$5000,"W18",'Raw Data'!$R$3:$R$5000,"B")+SUMIFS('Raw Data'!$N$3:$N$5000,'Raw Data'!$P$3:$P$5000,"W18",'Raw Data'!$R$3:$R$5000,"C")+SUMIFS('Raw Data'!$N$3:$N$5000,'Raw Data'!$P$3:$P$5000,"W18",'Raw Data'!$R$3:$R$5000,"D") -> 0 | BC10: =SUMIFS('Raw Data'!$E$3:$E$5000,'Raw Data'!$P$3:$P$5000,"W18",'Raw Data'!$R$3:$R$5000,"B")+SUMIFS('Raw Data'!$E$3:$E$5000,'Raw Data'!$P$3:$P$5000,"W18",'Raw Data'!$R$3:$R$5000,"C")+SUMIFS('Raw Data'!$E$3:$E$5000,'Raw Data'!$P$3:$P$5000,"W18",'Raw Data'!$R$3:$R$5000,"D") -> 0 | BD10: =SUMIFS('Raw Data'!$M$3:$M$5000,'Raw Data'!$P$3:$P$5000,"W19",'Raw Data'!$R$3:$R$5000,"B")+SUMIFS('Raw Data'!$M$3:$M$5000,'Raw Data'!$P$3:$P$5000,"W19",'Raw Data'!$R$3:$R$5000,"C")+SUMIFS('Raw Data'!$M$3:$M$5000,'Raw Data'!$P$3:$P$5000,"W19",'Raw Data'!$R$3:$R$5000,"D") -> 0 | BE10: =SUMIFS('Raw Data'!$N$3:$N$5000,'Raw Data'!$P$3:$P$5000,"W19",'Raw Data'!$R$3:$R$5000,"B")+SUMIFS('Raw Data'!$N$3:$N$5000,'Raw Data'!$P$3:$P$5000,"W19",'Raw Data'!$R$3:$R$5000,"C")+SUMIFS('Raw Data'!$N$3:$N$5000,'Raw Data'!$P$3:$P$5000,"W19",'Raw Data'!$R$3:$R$5000,"D") -> 0 | BF10: =SUMIFS('Raw Data'!$E$3:$E$5000,'Raw Data'!$P$3:$P$5000,"W19",'Raw Data'!$R$3:$R$5000,"B")+SUMIFS('Raw Data'!$E$3:$E$5000,'Raw Data'!$P$3:$P$5000,"W19",'Raw Data'!$R$3:$R$5000,"C")+SUMIFS('Raw Data'!$E$3:$E$5000,'Raw Data'!$P$3:$P$5000,"W19",'Raw Data'!$R$3:$R$5000,"D") -> 0 | BG10: =SUMIFS('Raw Data'!$M$3:$M$5000,'Raw Data'!$P$3:$P$5000,"W20",'Raw Data'!$R$3:$R$5000,"B")+SUMIFS('Raw Data'!$M$3:$M$5000,'Raw Data'!$P$3:$P$5000,"W20",'Raw Data'!$R$3:$R$5000,"C")+SUMIFS('Raw Data'!$M$3:$M$5000,'Raw Data'!$P$3:$P$5000,"W20",'Raw Data'!$R$3:$R$5000,"D") -> 0 | BH10: =SUMIFS('Raw Data'!$N$3:$N$5000,'Raw Data'!$P$3:$P$5000,"W20",'Raw Data'!$R$3:$R$5000,"B")+SUMIFS('Raw Data'!$N$3:$N$5000,'Raw Data'!$P$3:$P$5000,"W20",'Raw Data'!$R$3:$R$5000,"C")+SUMIFS('Raw Data'!$N$3:$N$5000,'Raw Data'!$P$3:$P$5000,"W20",'Raw Data'!$R$3:$R$5000,"D") -> 0 | BI10: =SUMIFS('Raw Data'!$E$3:$E$5000,'Raw Data'!$P$3:$P$5000,"W20",'Raw Data'!$R$3:$R$5000,"B")+SUMIFS('Raw Data'!$E$3:$E$5000,'Raw Data'!$P$3:$P$5000,"W20",'Raw Data'!$R$3:$R$5000,"C")+SUMIFS('Raw Data'!$E$3:$E$5000,'Raw Data'!$P$3:$P$5000,"W20",'Raw Data'!$R$3:$R$5000,"D") -> 0 | BJ10: =SUMIFS('Raw Data'!$M$3:$M$5000,'Raw Data'!$P$3:$P$5000,"W21",'Raw Data'!$R$3:$R$5000,"B")+SUMIFS('Raw Data'!$M$3:$M$5000,'Raw Data'!$P$3:$P$5000,"W21",'Raw Data'!$R$3:$R$5000,"C")+SUMIFS('Raw Data'!$M$3:$M$5000,'Raw Data'!$P$3:$P$5000,"W21",'Raw Data'!$R$3:$R$5000,"D") -> 0 | BK10: =SUMIFS('Raw Data'!$N$3:$N$5000,'Raw Data'!$P$3:$P$5000,"W21",'Raw Data'!$R$3:$R$5000,"B")+SUMIFS('Raw Data'!$N$3:$N$5000,'Raw Data'!$P$3:$P$5000,"W21",'Raw Data'!$R$3:$R$5000,"C")+SUMIFS('Raw Data'!$N$3:$N$5000,'Raw Data'!$P$3:$P$5000,"W21",'Raw Data'!$R$3:$R$5000,"D") -> 0 | BL10: =SUMIFS('Raw Data'!$E$3:$E$5000,'Raw Data'!$P$3:$P$5000,"W21",'Raw Data'!$R$3:$R$5000,"B")+SUMIFS('Raw Data'!$E$3:$E$5000,'Raw Data'!$P$3:$P$5000,"W21",'Raw Data'!$R$3:$R$5000,"C")+SUMIFS('Raw Data'!$E$3:$E$5000,'Raw Data'!$P$3:$P$5000,"W21",'Raw Data'!$R$3:$R$5000,"D") -> 0 | BM10: =SUMIFS('Raw Data'!$M$3:$M$5000,'Raw Data'!$P$3:$P$5000,"W22",'Raw Data'!$R$3:$R$5000,"B")+SUMIFS('Raw Data'!$M$3:$M$5000,'Raw Data'!$P$3:$P$5000,"W22",'Raw Data'!$R$3:$R$5000,"C")+SUMIFS('Raw Data'!$M$3:$M$5000,'Raw Data'!$P$3:$P$5000,"W22",'Raw Data'!$R$3:$R$5000,"D") -> 0 | BN10: =SUMIFS('Raw Data'!$N$3:$N$5000,'Raw Data'!$P$3:$P$5000,"W22",'Raw Data'!$R$3:$R$5000,"B")+SUMIFS('Raw Data'!$N$3:$N$5000,'Raw Data'!$P$3:$P$5000,"W22",'Raw Data'!$R$3:$R$5000,"C")+SUMIFS('Raw Data'!$N$3:$N$5000,'Raw Data'!$P$3:$P$5000,"W22",'Raw Data'!$R$3:$R$5000,"D") -> 0 | BO10: =SUMIFS('Raw Data'!$E$3:$E$5000,'Raw Data'!$P$3:$P$5000,"W22",'Raw Data'!$R$3:$R$5000,"B")+SUMIFS('Raw Data'!$E$3:$E$5000,'Raw Data'!$P$3:$P$5000,"W22",'Raw Data'!$R$3:$R$5000,"C")+SUMIFS('Raw Data'!$E$3:$E$5000,'Raw Data'!$P$3:$P$5000,"W22",'Raw Data'!$R$3:$R$5000,"D") -> 0 | BP10: =SUMIFS('Raw Data'!$M$3:$M$5000,'Raw Data'!$P$3:$P$5000,"W23",'Raw Data'!$R$3:$R$5000,"B")+SUMIFS('Raw Data'!$M$3:$M$5000,'Raw Data'!$P$3:$P$5000,"W23",'Raw Data'!$R$3:$R$5000,"C")+SUMIFS('Raw Data'!$M$3:$M$5000,'Raw Data'!$P$3:$P$5000,"W23",'Raw Data'!$R$3:$R$5000,"D") -> 0 | BQ10: =SUMIFS('Raw Data'!$N$3:$N$5000,'Raw Data'!$P$3:$P$5000,"W23",'Raw Data'!$R$3:$R$5000,"B")+SUMIFS('Raw Data'!$N$3:$N$5000,'Raw Data'!$P$3:$P$5000,"W23",'Raw Data'!$R$3:$R$5000,"C")+SUMIFS('Raw Data'!$N$3:$N$5000,'Raw Data'!$P$3:$P$5000,"W23",'Raw Data'!$R$3:$R$5000,"D") -> 0 | BR10: =SUMIFS('Raw Data'!$E$3:$E$5000,'Raw Data'!$P$3:$P$5000,"W23",'Raw Data'!$R$3:$R$5000,"B")+SUMIFS('Raw Data'!$E$3:$E$5000,'Raw Data'!$P$3:$P$5000,"W23",'Raw Data'!$R$3:$R$5000,"C")+SUMIFS('Raw Data'!$E$3:$E$5000,'Raw Data'!$P$3:$P$5000,"W23",'Raw Data'!$R$3:$R$5000,"D") -> 0 | BS10: =SUMIFS('Raw Data'!$M$3:$M$5000,'Raw Data'!$P$3:$P$5000,"W24",'Raw Data'!$R$3:$R$5000,"B")+SUMIFS('Raw Data'!$M$3:$M$5000,'Raw Data'!$P$3:$P$5000,"W24",'Raw Data'!$R$3:$R$5000,"C")+SUMIFS('Raw Data'!$M$3:$M$5000,'Raw Data'!$P$3:$P$5000,"W24",'Raw Data'!$R$3:$R$5000,"D") -> 0 | BT10: =SUMIFS('Raw Data'!$N$3:$N$5000,'Raw Data'!$P$3:$P$5000,"W24",'Raw Data'!$R$3:$R$5000,"B")+SUMIFS('Raw Data'!$N$3:$N$5000,'Raw Data'!$P$3:$P$5000,"W24",'Raw Data'!$R$3:$R$5000,"C")+SUMIFS('Raw Data'!$N$3:$N$5000,'Raw Data'!$P$3:$P$5000,"W24",'Raw Data'!$R$3:$R$5000,"D") -> 0 | BU10: =SUMIFS('Raw Data'!$E$3:$E$5000,'Raw Data'!$P$3:$P$5000,"W24",'Raw Data'!$R$3:$R$5000,"B")+SUMIFS('Raw Data'!$E$3:$E$5000,'Raw Data'!$P$3:$P$5000,"W24",'Raw Data'!$R$3:$R$5000,"C")+SUMIFS('Raw Data'!$E$3:$E$5000,'Raw Data'!$P$3:$P$5000,"W24",'Raw Data'!$R$3:$R$5000,"D") -> 0 | BV10: =SUMIFS('Raw Data'!$M$3:$M$5000,'Raw Data'!$P$3:$P$5000,"W25",'Raw Data'!$R$3:$R$5000,"B")+SUMIFS('Raw Data'!$M$3:$M$5000,'Raw Data'!$P$3:$P$5000,"W25",'Raw Data'!$R$3:$R$5000,"C")+SUMIFS('Raw Data'!$M$3:$M$5000,'Raw Data'!$P$3:$P$5000,"W25",'Raw Data'!$R$3:$R$5000,"D") -> 0 | BW10: =SUMIFS('Raw Data'!$N$3:$N$5000,'Raw Data'!$P$3:$P$5000,"W25",'Raw Data'!$R$3:$R$5000,"B")+SUMIFS('Raw Data'!$N$3:$N$5000,'Raw Data'!$P$3:$P$5000,"W25",'Raw Data'!$R$3:$R$5000,"C")+SUMIFS('Raw Data'!$N$3:$N$5000,'Raw Data'!$P$3:$P$5000,"W25",'Raw Data'!$R$3:$R$5000,"D") -> 0 | BX10: =SUMIFS('Raw Data'!$E$3:$E$5000,'Raw Data'!$P$3:$P$5000,"W25",'Raw Data'!$R$3:$R$5000,"B")+SUMIFS('Raw Data'!$E$3:$E$5000,'Raw Data'!$P$3:$P$5000,"W25",'Raw Data'!$R$3:$R$5000,"C")+SUMIFS('Raw Data'!$E$3:$E$5000,'Raw Data'!$P$3:$P$5000,"W25",'Raw Data'!$R$3:$R$5000,"D") -> 0 | BY10: =SUMIFS('Raw Data'!$M$3:$M$5000,'Raw Data'!$P$3:$P$5000,"W26",'Raw Data'!$R$3:$R$5000,"B")+SUMIFS('Raw Data'!$M$3:$M$5000,'Raw Data'!$P$3:$P$5000,"W26",'Raw Data'!$R$3:$R$5000,"C")+SUMIFS('Raw Data'!$M$3:$M$5000,'Raw Data'!$P$3:$P$5000,"W26",'Raw Data'!$R$3:$R$5000,"D") -> 0 | BZ10: =SUMIFS('Raw Data'!$N$3:$N$5000,'Raw Data'!$P$3:$P$5000,"W26",'Raw Data'!$R$3:$R$5000,"B")+SUMIFS('Raw Data'!$N$3:$N$5000,'Raw Data'!$P$3:$P$5000,"W26",'Raw Data'!$R$3:$R$5000,"C")+SUMIFS('Raw Data'!$N$3:$N$5000,'Raw Data'!$P$3:$P$5000,"W26",'Raw Data'!$R$3:$R$5000,"D") -> 0 | CA10: =SUMIFS('Raw Data'!$E$3:$E$5000,'Raw Data'!$P$3:$P$5000,"W26",'Raw Data'!$R$3:$R$5000,"B")+SUMIFS('Raw Data'!$E$3:$E$5000,'Raw Data'!$P$3:$P$5000,"W26",'Raw Data'!$R$3:$R$5000,"C")+SUMIFS('Raw Data'!$E$3:$E$5000,'Raw Data'!$P$3:$P$5000,"W26",'Raw Data'!$R$3:$R$5000,"D") -> 0 | CB10: =SUMIFS('Raw Data'!$M$3:$M$5000,'Raw Data'!$P$3:$P$5000,"W27",'Raw Data'!$R$3:$R$5000,"B")+SUMIFS('Raw Data'!$M$3:$M$5000,'Raw Data'!$P$3:$P$5000,"W27",'Raw Data'!$R$3:$R$5000,"C")+SUMIFS('Raw Data'!$M$3:$M$5000,'Raw Data'!$P$3:$P$5000,"W27",'Raw Data'!$R$3:$R$5000,"D") -> 0 | CC10: =SUMIFS('Raw Data'!$N$3:$N$5000,'Raw Data'!$P$3:$P$5000,"W27",'Raw Data'!$R$3:$R$5000,"B")+SUMIFS('Raw Data'!$N$3:$N$5000,'Raw Data'!$P$3:$P$5000,"W27",'Raw Data'!$R$3:$R$5000,"C")+SUMIFS('Raw Data'!$N$3:$N$5000,'Raw Data'!$P$3:$P$5000,"W27",'Raw Data'!$R$3:$R$5000,"D") -> 0 | CD10: =SUMIFS('Raw Data'!$E$3:$E$5000,'Raw Data'!$P$3:$P$5000,"W27",'Raw Data'!$R$3:$R$5000,"B")+SUMIFS('Raw Data'!$E$3:$E$5000,'Raw Data'!$P$3:$P$5000,"W27",'Raw Data'!$R$3:$R$5000,"C")+SUMIFS('Raw Data'!$E$3:$E$5000,'Raw Data'!$P$3:$P$5000,"W27",'Raw Data'!$R$3:$R$5000,"D") -> 0 | CE10: =SUMIFS('Raw Data'!$M$3:$M$5000,'Raw Data'!$P$3:$P$5000,"W28",'Raw Data'!$R$3:$R$5000,"B")+SUMIFS('Raw Data'!$M$3:$M$5000,'Raw Data'!$P$3:$P$5000,"W28",'Raw Data'!$R$3:$R$5000,"C")+SUMIFS('Raw Data'!$M$3:$M$5000,'Raw Data'!$P$3:$P$5000,"W28",'Raw Data'!$R$3:$R$5000,"D") -> 0 | CF10: =SUMIFS('Raw Data'!$N$3:$N$5000,'Raw Data'!$P$3:$P$5000,"W28",'Raw Data'!$R$3:$R$5000,"B")+SUMIFS('Raw Data'!$N$3:$N$5000,'Raw Data'!$P$3:$P$5000,"W28",'Raw Data'!$R$3:$R$5000,"C")+SUMIFS('Raw Data'!$N$3:$N$5000,'Raw Data'!$P$3:$P$5000,"W28",'Raw Data'!$R$3:$R$5000,"D") -> 0 | CG10: =SUMIFS('Raw Data'!$E$3:$E$5000,'Raw Data'!$P$3:$P$5000,"W28",'Raw Data'!$R$3:$R$5000,"B")+SUMIFS('Raw Data'!$E$3:$E$5000,'Raw Data'!$P$3:$P$5000,"W28",'Raw Data'!$R$3:$R$5000,"C")+SUMIFS('Raw Data'!$E$3:$E$5000,'Raw Data'!$P$3:$P$5000,"W28",'Raw Data'!$R$3:$R$5000,"D") -> 0 | CH10: =SUMIFS('Raw Data'!$M$3:$M$5000,'Raw Data'!$P$3:$P$5000,"W29",'Raw Data'!$R$3:$R$5000,"B")+SUMIFS('Raw Data'!$M$3:$M$5000,'Raw Data'!$P$3:$P$5000,"W29",'Raw Data'!$R$3:$R$5000,"C")+SUMIFS('Raw Data'!$M$3:$M$5000,'Raw Data'!$P$3:$P$5000,"W29",'Raw Data'!$R$3:$R$5000,"D") -> 0 | CI10: =SUMIFS('Raw Data'!$N$3:$N$5000,'Raw Data'!$P$3:$P$5000,"W29",'Raw Data'!$R$3:$R$5000,"B")+SUMIFS('Raw Data'!$N$3:$N$5000,'Raw Data'!$P$3:$P$5000,"W29",'Raw Data'!$R$3:$R$5000,"C")+SUMIFS('Raw Data'!$N$3:$N$5000,'Raw Data'!$P$3:$P$5000,"W29",'Raw Data'!$R$3:$R$5000,"D") -> 0 | CJ10: =SUMIFS('Raw Data'!$E$3:$E$5000,'Raw Data'!$P$3:$P$5000,"W29",'Raw Data'!$R$3:$R$5000,"B")+SUMIFS('Raw Data'!$E$3:$E$5000,'Raw Data'!$P$3:$P$5000,"W29",'Raw Data'!$R$3:$R$5000,"C")+SUMIFS('Raw Data'!$E$3:$E$5000,'Raw Data'!$P$3:$P$5000,"W29",'Raw Data'!$R$3:$R$5000,"D") -> 0 | CK10: =SUMIFS('Raw Data'!$M$3:$M$5000,'Raw Data'!$P$3:$P$5000,"W30",'Raw Data'!$R$3:$R$5000,"B")+SUMIFS('Raw Data'!$M$3:$M$5000,'Raw Data'!$P$3:$P$5000,"W30",'Raw Data'!$R$3:$R$5000,"C")+SUMIFS('Raw Data'!$M$3:$M$5000,'Raw Data'!$P$3:$P$5000,"W30",'Raw Data'!$R$3:$R$5000,"D") -> 0 | CL10: =SUMIFS('Raw Data'!$N$3:$N$5000,'Raw Data'!$P$3:$P$5000,"W30",'Raw Data'!$R$3:$R$5000,"B")+SUMIFS('Raw Data'!$N$3:$N$5000,'Raw Data'!$P$3:$P$5000,"W30",'Raw Data'!$R$3:$R$5000,"C")+SUMIFS('Raw Data'!$N$3:$N$5000,'Raw Data'!$P$3:$P$5000,"W30",'Raw Data'!$R$3:$R$5000,"D") -> 0 | CM10: =SUMIFS('Raw Data'!$E$3:$E$5000,'Raw Data'!$P$3:$P$5000,"W30",'Raw Data'!$R$3:$R$5000,"B")+SUMIFS('Raw Data'!$E$3:$E$5000,'Raw Data'!$P$3:$P$5000,"W30",'Raw Data'!$R$3:$R$5000,"C")+SUMIFS('Raw Data'!$E$3:$E$5000,'Raw Data'!$P$3:$P$5000,"W30",'Raw Data'!$R$3:$R$5000,"D") -> 0 | CN10: =SUMIFS('Raw Data'!$M$3:$M$5000,'Raw Data'!$P$3:$P$5000,"W31",'Raw Data'!$R$3:$R$5000,"B")+SUMIFS('Raw Data'!$M$3:$M$5000,'Raw Data'!$P$3:$P$5000,"W31",'Raw Data'!$R$3:$R$5000,"C")+SUMIFS('Raw Data'!$M$3:$M$5000,'Raw Data'!$P$3:$P$5000,"W31",'Raw Data'!$R$3:$R$5000,"D") -> 0 | CO10: =SUMIFS('Raw Data'!$N$3:$N$5000,'Raw Data'!$P$3:$P$5000,"W31",'Raw Data'!$R$3:$R$5000,"B")+SUMIFS('Raw Data'!$N$3:$N$5000,'Raw Data'!$P$3:$P$5000,"W31",'Raw Data'!$R$3:$R$5000,"C")+SUMIFS('Raw Data'!$N$3:$N$5000,'Raw Data'!$P$3:$P$5000,"W31",'Raw Data'!$R$3:$R$5000,"D") -> 0 | CP10: =SUMIFS('Raw Data'!$E$3:$E$5000,'Raw Data'!$P$3:$P$5000,"W31",'Raw Data'!$R$3:$R$5000,"B")+SUMIFS('Raw Data'!$E$3:$E$5000,'Raw Data'!$P$3:$P$5000,"W31",'Raw Data'!$R$3:$R$5000,"C")+SUMIFS('Raw Data'!$E$3:$E$5000,'Raw Data'!$P$3:$P$5000,"W31",'Raw Data'!$R$3:$R$5000,"D") -> 0 | CQ10: =SUMIFS('Raw Data'!$M$3:$M$5000,'Raw Data'!$P$3:$P$5000,"W32",'Raw Data'!$R$3:$R$5000,"B")+SUMIFS('Raw Data'!$M$3:$M$5000,'Raw Data'!$P$3:$P$5000,"W32",'Raw Data'!$R$3:$R$5000,"C")+SUMIFS('Raw Data'!$M$3:$M$5000,'Raw Data'!$P$3:$P$5000,"W32",'Raw Data'!$R$3:$R$5000,"D") -> 0 | CR10: =SUMIFS('Raw Data'!$N$3:$N$5000,'Raw Data'!$P$3:$P$5000,"W32",'Raw Data'!$R$3:$R$5000,"B")+SUMIFS('Raw Data'!$N$3:$N$5000,'Raw Data'!$P$3:$P$5000,"W32",'Raw Data'!$R$3:$R$5000,"C")+SUMIFS('Raw Data'!$N$3:$N$5000,'Raw Data'!$P$3:$P$5000,"W32",'Raw Data'!$R$3:$R$5000,"D") -> 0 | CS10: =SUMIFS('Raw Data'!$E$3:$E$5000,'Raw Data'!$P$3:$P$5000,"W32",'Raw Data'!$R$3:$R$5000,"B")+SUMIFS('Raw Data'!$E$3:$E$5000,'Raw Data'!$P$3:$P$5000,"W32",'Raw Data'!$R$3:$R$5000,"C")+SUMIFS('Raw Data'!$E$3:$E$5000,'Raw Data'!$P$3:$P$5000,"W32",'Raw Data'!$R$3:$R$5000,"D") -> 0 | CT10: =SUMIFS('Raw Data'!$M$3:$M$5000,'Raw Data'!$P$3:$P$5000,"W33",'Raw Data'!$R$3:$R$5000,"B")+SUMIFS('Raw Data'!$M$3:$M$5000,'Raw Data'!$P$3:$P$5000,"W33",'Raw Data'!$R$3:$R$5000,"C")+SUMIFS('Raw Data'!$M$3:$M$5000,'Raw Data'!$P$3:$P$5000,"W33",'Raw Data'!$R$3:$R$5000,"D") -> 0 | CU10: =SUMIFS('Raw Data'!$N$3:$N$5000,'Raw Data'!$P$3:$P$5000,"W33",'Raw Data'!$R$3:$R$5000,"B")+SUMIFS('Raw Data'!$N$3:$N$5000,'Raw Data'!$P$3:$P$5000,"W33",'Raw Data'!$R$3:$R$5000,"C")+SUMIFS('Raw Data'!$N$3:$N$5000,'Raw Data'!$P$3:$P$5000,"W33",'Raw Data'!$R$3:$R$5000,"D") -> 0 | CV10: =SUMIFS('Raw Data'!$E$3:$E$5000,'Raw Data'!$P$3:$P$5000,"W33",'Raw Data'!$R$3:$R$5000,"B")+SUMIFS('Raw Data'!$E$3:$E$5000,'Raw Data'!$P$3:$P$5000,"W33",'Raw Data'!$R$3:$R$5000,"C")+SUMIFS('Raw Data'!$E$3:$E$5000,'Raw Data'!$P$3:$P$5000,"W33",'Raw Data'!$R$3:$R$5000,"D") -> 0 | CW10: =SUMIFS('Raw Data'!$M$3:$M$5000,'Raw Data'!$P$3:$P$5000,"W34",'Raw Data'!$R$3:$R$5000,"B")+SUMIFS('Raw Data'!$M$3:$M$5000,'Raw Data'!$P$3:$P$5000,"W34",'Raw Data'!$R$3:$R$5000,"C")+SUMIFS('Raw Data'!$M$3:$M$5000,'Raw Data'!$P$3:$P$5000,"W34",'Raw Data'!$R$3:$R$5000,"D") -> 0 | CX10: =SUMIFS('Raw Data'!$N$3:$N$5000,'Raw Data'!$P$3:$P$5000,"W34",'Raw Data'!$R$3:$R$5000,"B")+SUMIFS('Raw Data'!$N$3:$N$5000,'Raw Data'!$P$3:$P$5000,"W34",'Raw Data'!$R$3:$R$5000,"C")+SUMIFS('Raw Data'!$N$3:$N$5000,'Raw Data'!$P$3:$P$5000,"W34",'Raw Data'!$R$3:$R$5000,"D") -> 0 | CY10: =SUMIFS('Raw Data'!$E$3:$E$5000,'Raw Data'!$P$3:$P$5000,"W34",'Raw Data'!$R$3:$R$5000,"B")+SUMIFS('Raw Data'!$E$3:$E$5000,'Raw Data'!$P$3:$P$5000,"W34",'Raw Data'!$R$3:$R$5000,"C")+SUMIFS('Raw Data'!$E$3:$E$5000,'Raw Data'!$P$3:$P$5000,"W34",'Raw Data'!$R$3:$R$5000,"D") -> 0 | CZ10: =SUMIFS('Raw Data'!$M$3:$M$5000,'Raw Data'!$P$3:$P$5000,"W35",'Raw Data'!$R$3:$R$5000,"B")+SUMIFS('Raw Data'!$M$3:$M$5000,'Raw Data'!$P$3:$P$5000,"W35",'Raw Data'!$R$3:$R$5000,"C")+SUMIFS('Raw Data'!$M$3:$M$5000,'Raw Data'!$P$3:$P$5000,"W35",'Raw Data'!$R$3:$R$5000,"D") -> 0 | DA10: =SUMIFS('Raw Data'!$N$3:$N$5000,'Raw Data'!$P$3:$P$5000,"W35",'Raw Data'!$R$3:$R$5000,"B")+SUMIFS('Raw Data'!$N$3:$N$5000,'Raw Data'!$P$3:$P$5000,"W35",'Raw Data'!$R$3:$R$5000,"C")+SUMIFS('Raw Data'!$N$3:$N$5000,'Raw Data'!$P$3:$P$5000,"W35",'Raw Data'!$R$3:$R$5000,"D") -> 0 | DB10: =SUMIFS('Raw Data'!$E$3:$E$5000,'Raw Data'!$P$3:$P$5000,"W35",'Raw Data'!$R$3:$R$5000,"B")+SUMIFS('Raw Data'!$E$3:$E$5000,'Raw Data'!$P$3:$P$5000,"W35",'Raw Data'!$R$3:$R$5000,"C")+SUMIFS('Raw Data'!$E$3:$E$5000,'Raw Data'!$P$3:$P$5000,"W35",'Raw Data'!$R$3:$R$5000,"D") -> 0 | DC10: =SUMIFS('Raw Data'!$M$3:$M$5000,'Raw Data'!$P$3:$P$5000,"W36",'Raw Data'!$R$3:$R$5000,"B")+SUMIFS('Raw Data'!$M$3:$M$5000,'Raw Data'!$P$3:$P$5000,"W36",'Raw Data'!$R$3:$R$5000,"C")+SUMIFS('Raw Data'!$M$3:$M$5000,'Raw Data'!$P$3:$P$5000,"W36",'Raw Data'!$R$3:$R$5000,"D") -> 0 | DD10: =SUMIFS('Raw Data'!$N$3:$N$5000,'Raw Data'!$P$3:$P$5000,"W36",'Raw Data'!$R$3:$R$5000,"B")+SUMIFS('Raw Data'!$N$3:$N$5000,'Raw Data'!$P$3:$P$5000,"W36",'Raw Data'!$R$3:$R$5000,"C")+SUMIFS('Raw Data'!$N$3:$N$5000,'Raw Data'!$P$3:$P$5000,"W36",'Raw Data'!$R$3:$R$5000,"D") -> 0 | DE10: =SUMIFS('Raw Data'!$E$3:$E$5000,'Raw Data'!$P$3:$P$5000,"W36",'Raw Data'!$R$3:$R$5000,"B")+SUMIFS('Raw Data'!$E$3:$E$5000,'Raw Data'!$P$3:$P$5000,"W36",'Raw Data'!$R$3:$R$5000,"C")+SUMIFS('Raw Data'!$E$3:$E$5000,'Raw Data'!$P$3:$P$5000,"W36",'Raw Data'!$R$3:$R$5000,"D") -> 0 | DF10: =SUMIFS('Raw Data'!$M$3:$M$5000,'Raw Data'!$P$3:$P$5000,"W37",'Raw Data'!$R$3:$R$5000,"B")+SUMIFS('Raw Data'!$M$3:$M$5000,'Raw Data'!$P$3:$P$5000,"W37",'Raw Data'!$R$3:$R$5000,"C")+SUMIFS('Raw Data'!$M$3:$M$5000,'Raw Data'!$P$3:$P$5000,"W37",'Raw Data'!$R$3:$R$5000,"D") -> 0 | DG10: =SUMIFS('Raw Data'!$N$3:$N$5000,'Raw Data'!$P$3:$P$5000,"W37",'Raw Data'!$R$3:$R$5000,"B")+SUMIFS('Raw Data'!$N$3:$N$5000,'Raw Data'!$P$3:$P$5000,"W37",'Raw Data'!$R$3:$R$5000,"C")+SUMIFS('Raw Data'!$N$3:$N$5000,'Raw Data'!$P$3:$P$5000,"W37",'Raw Data'!$R$3:$R$5000,"D") -> 0 | DH10: =SUMIFS('Raw Data'!$E$3:$E$5000,'Raw Data'!$P$3:$P$5000,"W37",'Raw Data'!$R$3:$R$5000,"B")+SUMIFS('Raw Data'!$E$3:$E$5000,'Raw Data'!$P$3:$P$5000,"W37",'Raw Data'!$R$3:$R$5000,"C")+SUMIFS('Raw Data'!$E$3:$E$5000,'Raw Data'!$P$3:$P$5000,"W37",'Raw Data'!$R$3:$R$5000,"D") -> 0 | DI10: =SUMIFS('Raw Data'!$M$3:$M$5000,'Raw Data'!$P$3:$P$5000,"W38",'Raw Data'!$R$3:$R$5000,"B")+SUMIFS('Raw Data'!$M$3:$M$5000,'Raw Data'!$P$3:$P$5000,"W38",'Raw Data'!$R$3:$R$5000,"C")+SUMIFS('Raw Data'!$M$3:$M$5000,'Raw Data'!$P$3:$P$5000,"W38",'Raw Data'!$R$3:$R$5000,"D") -> 0 | DJ10: =SUMIFS('Raw Data'!$N$3:$N$5000,'Raw Data'!$P$3:$P$5000,"W38",'Raw Data'!$R$3:$R$5000,"B")+SUMIFS('Raw Data'!$N$3:$N$5000,'Raw Data'!$P$3:$P$5000,"W38",'Raw Data'!$R$3:$R$5000,"C")+SUMIFS('Raw Data'!$N$3:$N$5000,'Raw Data'!$P$3:$P$5000,"W38",'Raw Data'!$R$3:$R$5000,"D") -> 0 | DK10: =SUMIFS('Raw Data'!$E$3:$E$5000,'Raw Data'!$P$3:$P$5000,"W38",'Raw Data'!$R$3:$R$5000,"B")+SUMIFS('Raw Data'!$E$3:$E$5000,'Raw Data'!$P$3:$P$5000,"W38",'Raw Data'!$R$3:$R$5000,"C")+SUMIFS('Raw Data'!$E$3:$E$5000,'Raw Data'!$P$3:$P$5000,"W38",'Raw Data'!$R$3:$R$5000,"D") -> 0 | DL10: =SUMIFS('Raw Data'!$M$3:$M$5000,'Raw Data'!$P$3:$P$5000,"W39",'Raw Data'!$R$3:$R$5000,"B")+SUMIFS('Raw Data'!$M$3:$M$5000,'Raw Data'!$P$3:$P$5000,"W39",'Raw Data'!$R$3:$R$5000,"C")+SUMIFS('Raw Data'!$M$3:$M$5000,'Raw Data'!$P$3:$P$5000,"W39",'Raw Data'!$R$3:$R$5000,"D") -> 0 | DM10: =SUMIFS('Raw Data'!$N$3:$N$5000,'Raw Data'!$P$3:$P$5000,"W39",'Raw Data'!$R$3:$R$5000,"B")+SUMIFS('Raw Data'!$N$3:$N$5000,'Raw Data'!$P$3:$P$5000,"W39",'Raw Data'!$R$3:$R$5000,"C")+SUMIFS('Raw Data'!$N$3:$N$5000,'Raw Data'!$P$3:$P$5000,"W39",'Raw Data'!$R$3:$R$5000,"D") -> 0 | DN10: =SUMIFS('Raw Data'!$E$3:$E$5000,'Raw Data'!$P$3:$P$5000,"W39",'Raw Data'!$R$3:$R$5000,"B")+SUMIFS('Raw Data'!$E$3:$E$5000,'Raw Data'!$P$3:$P$5000,"W39",'Raw Data'!$R$3:$R$5000,"C")+SUMIFS('Raw Data'!$E$3:$E$5000,'Raw Data'!$P$3:$P$5000,"W39",'Raw Data'!$R$3:$R$5000,"D") -> 0 | DO10: =SUMIFS('Raw Data'!$M$3:$M$5000,'Raw Data'!$P$3:$P$5000,"W40",'Raw Data'!$R$3:$R$5000,"B")+SUMIFS('Raw Data'!$M$3:$M$5000,'Raw Data'!$P$3:$P$5000,"W40",'Raw Data'!$R$3:$R$5000,"C")+SUMIFS('Raw Data'!$M$3:$M$5000,'Raw Data'!$P$3:$P$5000,"W40",'Raw Data'!$R$3:$R$5000,"D") -> 0 | DP10: =SUMIFS('Raw Data'!$N$3:$N$5000,'Raw Data'!$P$3:$P$5000,"W40",'Raw Data'!$R$3:$R$5000,"B")+SUMIFS('Raw Data'!$N$3:$N$5000,'Raw Data'!$P$3:$P$5000,"W40",'Raw Data'!$R$3:$R$5000,"C")+SUMIFS('Raw Data'!$N$3:$N$5000,'Raw Data'!$P$3:$P$5000,"W40",'Raw Data'!$R$3:$R$5000,"D") -> 0 | DQ10: =SUMIFS('Raw Data'!$E$3:$E$5000,'Raw Data'!$P$3:$P$5000,"W40",'Raw Data'!$R$3:$R$5000,"B")+SUMIFS('Raw Data'!$E$3:$E$5000,'Raw Data'!$P$3:$P$5000,"W40",'Raw Data'!$R$3:$R$5000,"C")+SUMIFS('Raw Data'!$E$3:$E$5000,'Raw Data'!$P$3:$P$5000,"W40",'Raw Data'!$R$3:$R$5000,"D") -> 0 | DR10: =SUMIFS('Raw Data'!$M$3:$M$5000,'Raw Data'!$P$3:$P$5000,"W41",'Raw Data'!$R$3:$R$5000,"B")+SUMIFS('Raw Data'!$M$3:$M$5000,'Raw Data'!$P$3:$P$5000,"W41",'Raw Data'!$R$3:$R$5000,"C")+SUMIFS('Raw Data'!$M$3:$M$5000,'Raw Data'!$P$3:$P$5000,"W41",'Raw Data'!$R$3:$R$5000,"D") -> 0 | DS10: =SUMIFS('Raw Data'!$N$3:$N$5000,'Raw Data'!$P$3:$P$5000,"W41",'Raw Data'!$R$3:$R$5000,"B")+SUMIFS('Raw Data'!$N$3:$N$5000,'Raw Data'!$P$3:$P$5000,"W41",'Raw Data'!$R$3:$R$5000,"C")+SUMIFS('Raw Data'!$N$3:$N$5000,'Raw Data'!$P$3:$P$5000,"W41",'Raw Data'!$R$3:$R$5000,"D") -> 0 | DT10: =SUMIFS('Raw Data'!$E$3:$E$5000,'Raw Data'!$P$3:$P$5000,"W41",'Raw Data'!$R$3:$R$5000,"B")+SUMIFS('Raw Data'!$E$3:$E$5000,'Raw Data'!$P$3:$P$5000,"W41",'Raw Data'!$R$3:$R$5000,"C")+SUMIFS('Raw Data'!$E$3:$E$5000,'Raw Data'!$P$3:$P$5000,"W41",'Raw Data'!$R$3:$R$5000,"D") -> 0 | DU10: =SUMIFS('Raw Data'!$M$3:$M$5000,'Raw Data'!$P$3:$P$5000,"W42",'Raw Data'!$R$3:$R$5000,"B")+SUMIFS('Raw Data'!$M$3:$M$5000,'Raw Data'!$P$3:$P$5000,"W42",'Raw Data'!$R$3:$R$5000,"C")+SUMIFS('Raw Data'!$M$3:$M$5000,'Raw Data'!$P$3:$P$5000,"W42",'Raw Data'!$R$3:$R$5000,"D") -> 0 | DV10: =SUMIFS('Raw Data'!$N$3:$N$5000,'Raw Data'!$P$3:$P$5000,"W42",'Raw Data'!$R$3:$R$5000,"B")+SUMIFS('Raw Data'!$N$3:$N$5000,'Raw Data'!$P$3:$P$5000,"W42",'Raw Data'!$R$3:$R$5000,"C")+SUMIFS('Raw Data'!$N$3:$N$5000,'Raw Data'!$P$3:$P$5000,"W42",'Raw Data'!$R$3:$R$5000,"D") -> 0 | DW10: =SUMIFS('Raw Data'!$E$3:$E$5000,'Raw Data'!$P$3:$P$5000,"W42",'Raw Data'!$R$3:$R$5000,"B")+SUMIFS('Raw Data'!$E$3:$E$5000,'Raw Data'!$P$3:$P$5000,"W42",'Raw Data'!$R$3:$R$5000,"C")+SUMIFS('Raw Data'!$E$3:$E$5000,'Raw Data'!$P$3:$P$5000,"W42",'Raw Data'!$R$3:$R$5000,"D") -> 0 | DX10: =SUMIFS('Raw Data'!$M$3:$M$5000,'Raw Data'!$P$3:$P$5000,"W43",'Raw Data'!$R$3:$R$5000,"B")+SUMIFS('Raw Data'!$M$3:$M$5000,'Raw Data'!$P$3:$P$5000,"W43",'Raw Data'!$R$3:$R$5000,"C")+SUMIFS('Raw Data'!$M$3:$M$5000,'Raw Data'!$P$3:$P$5000,"W43",'Raw Data'!$R$3:$R$5000,"D") -> 0 | DY10: =SUMIFS('Raw Data'!$N$3:$N$5000,'Raw Data'!$P$3:$P$5000,"W43",'Raw Data'!$R$3:$R$5000,"B")+SUMIFS('Raw Data'!$N$3:$N$5000,'Raw Data'!$P$3:$P$5000,"W43",'Raw Data'!$R$3:$R$5000,"C")+SUMIFS('Raw Data'!$N$3:$N$5000,'Raw Data'!$P$3:$P$5000,"W43",'Raw Data'!$R$3:$R$5000,"D") -> 0 | DZ10: =SUMIFS('Raw Data'!$E$3:$E$5000,'Raw Data'!$P$3:$P$5000,"W43",'Raw Data'!$R$3:$R$5000,"B")+SUMIFS('Raw Data'!$E$3:$E$5000,'Raw Data'!$P$3:$P$5000,"W43",'Raw Data'!$R$3:$R$5000,"C")+SUMIFS('Raw Data'!$E$3:$E$5000,'Raw Data'!$P$3:$P$5000,"W43",'Raw Data'!$R$3:$R$5000,"D") -> 0 | EA10: =SUMIFS('Raw Data'!$M$3:$M$5000,'Raw Data'!$P$3:$P$5000,"W44",'Raw Data'!$R$3:$R$5000,"B")+SUMIFS('Raw Data'!$M$3:$M$5000,'Raw Data'!$P$3:$P$5000,"W44",'Raw Data'!$R$3:$R$5000,"C")+SUMIFS('Raw Data'!$M$3:$M$5000,'Raw Data'!$P$3:$P$5000,"W44",'Raw Data'!$R$3:$R$5000,"D") -> 0 | EB10: =SUMIFS('Raw Data'!$N$3:$N$5000,'Raw Data'!$P$3:$P$5000,"W44",'Raw Data'!$R$3:$R$5000,"B")+SUMIFS('Raw Data'!$N$3:$N$5000,'Raw Data'!$P$3:$P$5000,"W44",'Raw Data'!$R$3:$R$5000,"C")+SUMIFS('Raw Data'!$N$3:$N$5000,'Raw Data'!$P$3:$P$5000,"W44",'Raw Data'!$R$3:$R$5000,"D") -> 0 | EC10: =SUMIFS('Raw Data'!$E$3:$E$5000,'Raw Data'!$P$3:$P$5000,"W44",'Raw Data'!$R$3:$R$5000,"B")+SUMIFS('Raw Data'!$E$3:$E$5000,'Raw Data'!$P$3:$P$5000,"W44",'Raw Data'!$R$3:$R$5000,"C")+SUMIFS('Raw Data'!$E$3:$E$5000,'Raw Data'!$P$3:$P$5000,"W44",'Raw Data'!$R$3:$R$5000,"D") -> 0 | ED10: =SUMIFS('Raw Data'!$M$3:$M$5000,'Raw Data'!$P$3:$P$5000,"W45",'Raw Data'!$R$3:$R$5000,"B")+SUMIFS('Raw Data'!$M$3:$M$5000,'Raw Data'!$P$3:$P$5000,"W45",'Raw Data'!$R$3:$R$5000,"C")+SUMIFS('Raw Data'!$M$3:$M$5000,'Raw Data'!$P$3:$P$5000,"W45",'Raw Data'!$R$3:$R$5000,"D") -> 0 | EE10: =SUMIFS('Raw Data'!$N$3:$N$5000,'Raw Data'!$P$3:$P$5000,"W45",'Raw Data'!$R$3:$R$5000,"B")+SUMIFS('Raw Data'!$N$3:$N$5000,'Raw Data'!$P$3:$P$5000,"W45",'Raw Data'!$R$3:$R$5000,"C")+SUMIFS('Raw Data'!$N$3:$N$5000,'Raw Data'!$P$3:$P$5000,"W45",'Raw Data'!$R$3:$R$5000,"D") -> 0 | EF10: =SUMIFS('Raw Data'!$E$3:$E$5000,'Raw Data'!$P$3:$P$5000,"W45",'Raw Data'!$R$3:$R$5000,"B")+SUMIFS('Raw Data'!$E$3:$E$5000,'Raw Data'!$P$3:$P$5000,"W45",'Raw Data'!$R$3:$R$5000,"C")+SUMIFS('Raw Data'!$E$3:$E$5000,'Raw Data'!$P$3:$P$5000,"W45",'Raw Data'!$R$3:$R$5000,"D") -> 0 | EG10: =SUMIFS('Raw Data'!$M$3:$M$5000,'Raw Data'!$P$3:$P$5000,"W46",'Raw Data'!$R$3:$R$5000,"B")+SUMIFS('Raw Data'!$M$3:$M$5000,'Raw Data'!$P$3:$P$5000,"W46",'Raw Data'!$R$3:$R$5000,"C")+SUMIFS('Raw Data'!$M$3:$M$5000,'Raw Data'!$P$3:$P$5000,"W46",'Raw Data'!$R$3:$R$5000,"D") -> 0 | EH10: =SUMIFS('Raw Data'!$N$3:$N$5000,'Raw Data'!$P$3:$P$5000,"W46",'Raw Data'!$R$3:$R$5000,"B")+SUMIFS('Raw Data'!$N$3:$N$5000,'Raw Data'!$P$3:$P$5000,"W46",'Raw Data'!$R$3:$R$5000,"C")+SUMIFS('Raw Data'!$N$3:$N$5000,'Raw Data'!$P$3:$P$5000,"W46",'Raw Data'!$R$3:$R$5000,"D") -> 0 | EI10: =SUMIFS('Raw Data'!$E$3:$E$5000,'Raw Data'!$P$3:$P$5000,"W46",'Raw Data'!$R$3:$R$5000,"B")+SUMIFS('Raw Data'!$E$3:$E$5000,'Raw Data'!$P$3:$P$5000,"W46",'Raw Data'!$R$3:$R$5000,"C")+SUMIFS('Raw Data'!$E$3:$E$5000,'Raw Data'!$P$3:$P$5000,"W46",'Raw Data'!$R$3:$R$5000,"D") -> 0 | EJ10: =SUMIFS('Raw Data'!$M$3:$M$5000,'Raw Data'!$P$3:$P$5000,"W47",'Raw Data'!$R$3:$R$5000,"B")+SUMIFS('Raw Data'!$M$3:$M$5000,'Raw Data'!$P$3:$P$5000,"W47",'Raw Data'!$R$3:$R$5000,"C")+SUMIFS('Raw Data'!$M$3:$M$5000,'Raw Data'!$P$3:$P$5000,"W47",'Raw Data'!$R$3:$R$5000,"D") -> 0 | EK10: =SUMIFS('Raw Data'!$N$3:$N$5000,'Raw Data'!$P$3:$P$5000,"W47",'Raw Data'!$R$3:$R$5000,"B")+SUMIFS('Raw Data'!$N$3:$N$5000,'Raw Data'!$P$3:$P$5000,"W47",'Raw Data'!$R$3:$R$5000,"C")+SUMIFS('Raw Data'!$N$3:$N$5000,'Raw Data'!$P$3:$P$5000,"W47",'Raw Data'!$R$3:$R$5000,"D") -> 0 | EL10: =SUMIFS('Raw Data'!$E$3:$E$5000,'Raw Data'!$P$3:$P$5000,"W47",'Raw Data'!$R$3:$R$5000,"B")+SUMIFS('Raw Data'!$E$3:$E$5000,'Raw Data'!$P$3:$P$5000,"W47",'Raw Data'!$R$3:$R$5000,"C")+SUMIFS('Raw Data'!$E$3:$E$5000,'Raw Data'!$P$3:$P$5000,"W47",'Raw Data'!$R$3:$R$5000,"D") -> 0 | EM10: =SUMIFS('Raw Data'!$M$3:$M$5000,'Raw Data'!$P$3:$P$5000,"W48",'Raw Data'!$R$3:$R$5000,"B")+SUMIFS('Raw Data'!$M$3:$M$5000,'Raw Data'!$P$3:$P$5000,"W48",'Raw Data'!$R$3:$R$5000,"C")+SUMIFS('Raw Data'!$M$3:$M$5000,'Raw Data'!$P$3:$P$5000,"W48",'Raw Data'!$R$3:$R$5000,"D") -> 0 | EN10: =SUMIFS('Raw Data'!$N$3:$N$5000,'Raw Data'!$P$3:$P$5000,"W48",'Raw Data'!$R$3:$R$5000,"B")+SUMIFS('Raw Data'!$N$3:$N$5000,'Raw Data'!$P$3:$P$5000,"W48",'Raw Data'!$R$3:$R$5000,"C")+SUMIFS('Raw Data'!$N$3:$N$5000,'Raw Data'!$P$3:$P$5000,"W48",'Raw Data'!$R$3:$R$5000,"D") -> 0 | EO10: =SUMIFS('Raw Data'!$E$3:$E$5000,'Raw Data'!$P$3:$P$5000,"W48",'Raw Data'!$R$3:$R$5000,"B")+SUMIFS('Raw Data'!$E$3:$E$5000,'Raw Data'!$P$3:$P$5000,"W48",'Raw Data'!$R$3:$R$5000,"C")+SUMIFS('Raw Data'!$E$3:$E$5000,'Raw Data'!$P$3:$P$5000,"W48",'Raw Data'!$R$3:$R$5000,"D") -> 0 | EP10: =SUMIFS('Raw Data'!$M$3:$M$5000,'Raw Data'!$P$3:$P$5000,"W49",'Raw Data'!$R$3:$R$5000,"B")+SUMIFS('Raw Data'!$M$3:$M$5000,'Raw Data'!$P$3:$P$5000,"W49",'Raw Data'!$R$3:$R$5000,"C")+SUMIFS('Raw Data'!$M$3:$M$5000,'Raw Data'!$P$3:$P$5000,"W49",'Raw Data'!$R$3:$R$5000,"D") -> 0 | EQ10: =SUMIFS('Raw Data'!$N$3:$N$5000,'Raw Data'!$P$3:$P$5000,"W49",'Raw Data'!$R$3:$R$5000,"B")+SUMIFS('Raw Data'!$N$3:$N$5000,'Raw Data'!$P$3:$P$5000,"W49",'Raw Data'!$R$3:$R$5000,"C")+SUMIFS('Raw Data'!$N$3:$N$5000,'Raw Data'!$P$3:$P$5000,"W49",'Raw Data'!$R$3:$R$5000,"D") -> 0 | ER10: =SUMIFS('Raw Data'!$E$3:$E$5000,'Raw Data'!$P$3:$P$5000,"W49",'Raw Data'!$R$3:$R$5000,"B")+SUMIFS('Raw Data'!$E$3:$E$5000,'Raw Data'!$P$3:$P$5000,"W49",'Raw Data'!$R$3:$R$5000,"C")+SUMIFS('Raw Data'!$E$3:$E$5000,'Raw Data'!$P$3:$P$5000,"W49",'Raw Data'!$R$3:$R$5000,"D") -> 0 | ES10: =SUMIFS('Raw Data'!$M$3:$M$5000,'Raw Data'!$P$3:$P$5000,"W50",'Raw Data'!$R$3:$R$5000,"B")+SUMIFS('Raw Data'!$M$3:$M$5000,'Raw Data'!$P$3:$P$5000,"W50",'Raw Data'!$R$3:$R$5000,"C")+SUMIFS('Raw Data'!$M$3:$M$5000,'Raw Data'!$P$3:$P$5000,"W50",'Raw Data'!$R$3:$R$5000,"D") -> 0 | ET10: =SUMIFS('Raw Data'!$N$3:$N$5000,'Raw Data'!$P$3:$P$5000,"W50",'Raw Data'!$R$3:$R$5000,"B")+SUMIFS('Raw Data'!$N$3:$N$5000,'Raw Data'!$P$3:$P$5000,"W50",'Raw Data'!$R$3:$R$5000,"C")+SUMIFS('Raw Data'!$N$3:$N$5000,'Raw Data'!$P$3:$P$5000,"W50",'Raw Data'!$R$3:$R$5000,"D") -> 0 | EU10: =SUMIFS('Raw Data'!$E$3:$E$5000,'Raw Data'!$P$3:$P$5000,"W50",'Raw Data'!$R$3:$R$5000,"B")+SUMIFS('Raw Data'!$E$3:$E$5000,'Raw Data'!$P$3:$P$5000,"W50",'Raw Data'!$R$3:$R$5000,"C")+SUMIFS('Raw Data'!$E$3:$E$5000,'Raw Data'!$P$3:$P$5000,"W50",'Raw Data'!$R$3:$R$5000,"D") -> 0 | EV10: =SUMIFS('Raw Data'!$M$3:$M$5000,'Raw Data'!$P$3:$P$5000,"W51",'Raw Data'!$R$3:$R$5000,"B")+SUMIFS('Raw Data'!$M$3:$M$5000,'Raw Data'!$P$3:$P$5000,"W51",'Raw Data'!$R$3:$R$5000,"C")+SUMIFS('Raw Data'!$M$3:$M$5000,'Raw Data'!$P$3:$P$5000,"W51",'Raw Data'!$R$3:$R$5000,"D") -> 0 | EW10: =SUMIFS('Raw Data'!$N$3:$N$5000,'Raw Data'!$P$3:$P$5000,"W51",'Raw Data'!$R$3:$R$5000,"B")+SUMIFS('Raw Data'!$N$3:$N$5000,'Raw Data'!$P$3:$P$5000,"W51",'Raw Data'!$R$3:$R$5000,"C")+SUMIFS('Raw Data'!$N$3:$N$5000,'Raw Data'!$P$3:$P$5000,"W51",'Raw Data'!$R$3:$R$5000,"D") -> 0 | EX10: =SUMIFS('Raw Data'!$E$3:$E$5000,'Raw Data'!$P$3:$P$5000,"W51",'Raw Data'!$R$3:$R$5000,"B")+SUMIFS('Raw Data'!$E$3:$E$5000,'Raw Data'!$P$3:$P$5000,"W51",'Raw Data'!$R$3:$R$5000,"C")+SUMIFS('Raw Data'!$E$3:$E$5000,'Raw Data'!$P$3:$P$5000,"W51",'Raw Data'!$R$3:$R$5000,"D") -> 0 | EY10: =SUMIFS('Raw Data'!$M$3:$M$5000,'Raw Data'!$P$3:$P$5000,"W52",'Raw Data'!$R$3:$R$5000,"B")+SUMIFS('Raw Data'!$M$3:$M$5000,'Raw Data'!$P$3:$P$5000,"W52",'Raw Data'!$R$3:$R$5000,"C")+SUMIFS('Raw Data'!$M$3:$M$5000,'Raw Data'!$P$3:$P$5000,"W52",'Raw Data'!$R$3:$R$5000,"D") -> 0 | EZ10: =SUMIFS('Raw Data'!$N$3:$N$5000,'Raw Data'!$P$3:$P$5000,"W52",'Raw Data'!$R$3:$R$5000,"B")+SUMIFS('Raw Data'!$N$3:$N$5000,'Raw Data'!$P$3:$P$5000,"W52",'Raw Data'!$R$3:$R$5000,"C")+SUMIFS('Raw Data'!$N$3:$N$5000,'Raw Data'!$P$3:$P$5000,"W52",'Raw Data'!$R$3:$R$5000,"D") -> 0 | FA10: =SUMIFS('Raw Data'!$E$3:$E$5000,'Raw Data'!$P$3:$P$5000,"W52",'Raw Data'!$R$3:$R$5000,"B")+SUMIFS('Raw Data'!$E$3:$E$5000,'Raw Data'!$P$3:$P$5000,"W52",'Raw Data'!$R$3:$R$5000,"C")+SUMIFS('Raw Data'!$E$3:$E$5000,'Raw Data'!$P$3:$P$5000,"W52",'Raw Data'!$R$3:$R$5000,"D") -> 0 | FB10: =B10+E10+H10+K10+N10+Q10+T10+W10+Z10+AC10+AF10+AI10+AL10+AO10+AR10+AU10+AX10+BA10+BD10+BG10+BJ10+BM10+BP10+BS10+BV10+BY10+CB10+CE10+CH10+CK10+CN10+CQ10+CT10+CW10+CZ10+DC10+DF10+DI10+DL10+DO10+DR10+DU10+DX10+EA10+ED10+EG10+EJ10+EM10+EP10+ES10+EV10+EY10 -> 0 | FC10: =C10+F10+I10+L10+O10+R10+U10+X10+AA10+AD10+AG10+AJ10+AM10+AP10+AS10+AV10+AY10+BB10+BE10+BH10+BK10+BN10+BQ10+BT10+BW10+BZ10+CC10+CF10+CI10+CL10+CO10+CR10+CU10+CX10+DA10+DD10+DG10+DJ10+DM10+DP10+DS10+DV10+DY10+EB10+EE10+EH10+EK10+EN10+EQ10+ET10+EW10+EZ10 -> 0 | FD10: =D10+G10+J10+M10+P10+S10+V10+Y10+AB10+AE10+AH10+AK10+AN10+AQ10+AT10+AW10+AZ10+BC10+BF10+BI10+BL10+BO10+BR10+BU10+BX10+CA10+CD10+CG10+CJ10+CM10+CP10+CS10+CV10+CY10+DB10+DE10+DH10+DK10+DN10+DQ10+DT10+DW10+DZ10+EC10+EF10+EI10+EL10+EO10+ER10+EU10+EX10+FA10 -> 0
A11: Not Graded | B11: =SUMIFS('Raw Data'!$M$3:$M$5000,'Raw Data'!$P$3:$P$5000,"W1",'Raw Data'!$R$3:$R$5000,"") -> 0 | C11: =SUMIFS('Raw Data'!$N$3:$N$5000,'Raw Data'!$P$3:$P$5000,"W1",'Raw Data'!$R$3:$R$5000,"") -> 0 | D11: =SUMIFS('Raw Data'!$E$3:$E$5000,'Raw Data'!$P$3:$P$5000,"W1",'Raw Data'!$R$3:$R$5000,"") -> 0 | E11: =SUMIFS('Raw Data'!$M$3:$M$5000,'Raw Data'!$P$3:$P$5000,"W2",'Raw Data'!$R$3:$R$5000,"") -> 0 | F11: =SUMIFS('Raw Data'!$N$3:$N$5000,'Raw Data'!$P$3:$P$5000,"W2",'Raw Data'!$R$3:$R$5000,"") -> 0 | G11: =SUMIFS('Raw Data'!$E$3:$E$5000,'Raw Data'!$P$3:$P$5000,"W2",'Raw Data'!$R$3:$R$5000,"") -> 0 | H11: =SUMIFS('Raw Data'!$M$3:$M$5000,'Raw Data'!$P$3:$P$5000,"W3",'Raw Data'!$R$3:$R$5000,"") -> 0 | I11: =SUMIFS('Raw Data'!$N$3:$N$5000,'Raw Data'!$P$3:$P$5000,"W3",'Raw Data'!$R$3:$R$5000,"") -> 0 | J11: =SUMIFS('Raw Data'!$E$3:$E$5000,'Raw Data'!$P$3:$P$5000,"W3",'Raw Data'!$R$3:$R$5000,"") -> 0 | K11: =SUMIFS('Raw Data'!$M$3:$M$5000,'Raw Data'!$P$3:$P$5000,"W4",'Raw Data'!$R$3:$R$5000,"") -> 0 | L11: =SUMIFS('Raw Data'!$N$3:$N$5000,'Raw Data'!$P$3:$P$5000,"W4",'Raw Data'!$R$3:$R$5000,"") -> 0 | M11: =SUMIFS('Raw Data'!$E$3:$E$5000,'Raw Data'!$P$3:$P$5000,"W4",'Raw Data'!$R$3:$R$5000,"") -> 0 | N11: =SUMIFS('Raw Data'!$M$3:$M$5000,'Raw Data'!$P$3:$P$5000,"W5",'Raw Data'!$R$3:$R$5000,"") -> 0 | O11: =SUMIFS('Raw Data'!$N$3:$N$5000,'Raw Data'!$P$3:$P$5000,"W5",'Raw Data'!$R$3:$R$5000,"") -> 0 | P11: =SUMIFS('Raw Data'!$E$3:$E$5000,'Raw Data'!$P$3:$P$5000,"W5",'Raw Data'!$R$3:$R$5000,"") -> 0 | Q11: =SUMIFS('Raw Data'!$M$3:$M$5000,'Raw Data'!$P$3:$P$5000,"W6",'Raw Data'!$R$3:$R$5000,"") -> 0 | R11: =SUMIFS('Raw Data'!$N$3:$N$5000,'Raw Data'!$P$3:$P$5000,"W6",'Raw Data'!$R$3:$R$5000,"") -> 0 | S11: =SUMIFS('Raw Data'!$E$3:$E$5000,'Raw Data'!$P$3:$P$5000,"W6",'Raw Data'!$R$3:$R$5000,"") -> 0 | T11: =SUMIFS('Raw Data'!$M$3:$M$5000,'Raw Data'!$P$3:$P$5000,"W7",'Raw Data'!$R$3:$R$5000,"") -> 0 | U11: =SUMIFS('Raw Data'!$N$3:$N$5000,'Raw Data'!$P$3:$P$5000,"W7",'Raw Data'!$R$3:$R$5000,"") -> 0 | V11: =SUMIFS('Raw Data'!$E$3:$E$5000,'Raw Data'!$P$3:$P$5000,"W7",'Raw Data'!$R$3:$R$5000,"") -> 0 | W11: =SUMIFS('Raw Data'!$M$3:$M$5000,'Raw Data'!$P$3:$P$5000,"W8",'Raw Data'!$R$3:$R$5000,"") -> 0 | X11: =SUMIFS('Raw Data'!$N$3:$N$5000,'Raw Data'!$P$3:$P$5000,"W8",'Raw Data'!$R$3:$R$5000,"") -> 0 | Y11: =SUMIFS('Raw Data'!$E$3:$E$5000,'Raw Data'!$P$3:$P$5000,"W8",'Raw Data'!$R$3:$R$5000,"") -> 0 | Z11: =SUMIFS('Raw Data'!$M$3:$M$5000,'Raw Data'!$P$3:$P$5000,"W9",'Raw Data'!$R$3:$R$5000,"") -> 1244 | AA11: =SUMIFS('Raw Data'!$N$3:$N$5000,'Raw Data'!$P$3:$P$5000,"W9",'Raw Data'!$R$3:$R$5000,"") -> 2533 | AB11: =SUMIFS('Raw Data'!$E$3:$E$5000,'Raw Data'!$P$3:$P$5000,"W9",'Raw Data'!$R$3:$R$5000,"") -> 4 | AC11: =SUMIFS('Raw Data'!$M$3:$M$5000,'Raw Data'!$P$3:$P$5000,"W10",'Raw Data'!$R$3:$R$5000,"") -> 1074.72 | AD11: =SUMIFS('Raw Data'!$N$3:$N$5000,'Raw Data'!$P$3:$P$5000,"W10",'Raw Data'!$R$3:$R$5000,"") -> 2411.76 | AE11: =SUMIFS('Raw Data'!$E$3:$E$5000,'Raw Data'!$P$3:$P$5000,"W10",'Raw Data'!$R$3:$R$5000,"") -> 13 | AF11: =SUMIFS('Raw Data'!$M$3:$M$5000,'Raw Data'!$P$3:$P$5000,"W11",'Raw Data'!$R$3:$R$5000,"") -> 4279 | AG11: =SUMIFS('Raw Data'!$N$3:$N$5000,'Raw Data'!$P$3:$P$5000,"W11",'Raw Data'!$R$3:$R$5000,"") -> 9238 | AH11: =SUMIFS('Raw Data'!$E$3:$E$5000,'Raw Data'!$P$3:$P$5000,"W11",'Raw Data'!$R$3:$R$5000,"") -> 77 | AI11: =SUMIFS('Raw Data'!$M$3:$M$5000,'Raw Data'!$P$3:$P$5000,"W12",'Raw Data'!$R$3:$R$5000,"") -> 0 | AJ11: =SUMIFS('Raw Data'!$N$3:$N$5000,'Raw Data'!$P$3:$P$5000,"W12",'Raw Data'!$R$3:$R$5000,"") -> 0 | AK11: =SUMIFS('Raw Data'!$E$3:$E$5000,'Raw Data'!$P$3:$P$5000,"W12",'Raw Data'!$R$3:$R$5000,"") -> 0 | AL11: =SUMIFS('Raw Data'!$M$3:$M$5000,'Raw Data'!$P$3:$P$5000,"W13",'Raw Data'!$R$3:$R$5000,"") -> 0 | AM11: =SUMIFS('Raw Data'!$N$3:$N$5000,'Raw Data'!$P$3:$P$5000,"W13",'Raw Data'!$R$3:$R$5000,"") -> 0 | AN11: =SUMIFS('Raw Data'!$E$3:$E$5000,'Raw Data'!$P$3:$P$5000,"W13",'Raw Data'!$R$3:$R$5000,"") -> 0 | AO11: =SUMIFS('Raw Data'!$M$3:$M$5000,'Raw Data'!$P$3:$P$5000,"W14",'Raw Data'!$R$3:$R$5000,"") -> 0 | AP11: =SUMIFS('Raw Data'!$N$3:$N$5000,'Raw Data'!$P$3:$P$5000,"W14",'Raw Data'!$R$3:$R$5000,"") -> 0 | AQ11: =SUMIFS('Raw Data'!$E$3:$E$5000,'Raw Data'!$P$3:$P$5000,"W14",'Raw Data'!$R$3:$R$5000,"") -> 0 | AR11: =SUMIFS('Raw Data'!$M$3:$M$5000,'Raw Data'!$P$3:$P$5000,"W15",'Raw Data'!$R$3:$R$5000,"") -> 0 | AS11: =SUMIFS('Raw Data'!$N$3:$N$5000,'Raw Data'!$P$3:$P$5000,"W15",'Raw Data'!$R$3:$R$5000,"") -> 0 | AT11: =SUMIFS('Raw Data'!$E$3:$E$5000,'Raw Data'!$P$3:$P$5000,"W15",'Raw Data'!$R$3:$R$5000,"") -> 0 | AU11: =SUMIFS('Raw Data'!$M$3:$M$5000,'Raw Data'!$P$3:$P$5000,"W16",'Raw Data'!$R$3:$R$5000,"") -> 0 | AV11: =SUMIFS('Raw Data'!$N$3:$N$5000,'Raw Data'!$P$3:$P$5000,"W16",'Raw Data'!$R$3:$R$5000,"") -> 0 | AW11: =SUMIFS('Raw Data'!$E$3:$E$5000,'Raw Data'!$P$3:$P$5000,"W16",'Raw Data'!$R$3:$R$5000,"") -> 0 | AX11: =SUMIFS('Raw Data'!$M$3:$M$5000,'Raw Data'!$P$3:$P$5000,"W17",'Raw Data'!$R$3:$R$5000,"") -> 0 | AY11: =SUMIFS('Raw Data'!$N$3:$N$5000,'Raw Data'!$P$3:$P$5000,"W17",'Raw Data'!$R$3:$R$5000,"") -> 0 | AZ11: =SUMIFS('Raw Data'!$E$3:$E$5000,'Raw Data'!$P$3:$P$5000,"W17",'Raw Data'!$R$3:$R$5000,"") -> 0 | BA11: =SUMIFS('Raw Data'!$M$3:$M$5000,'Raw Data'!$P$3:$P$5000,"W18",'Raw Data'!$R$3:$R$5000,"") -> 0 | BB11: =SUMIFS('Raw Data'!$N$3:$N$5000,'Raw Data'!$P$3:$P$5000,"W18",'Raw Data'!$R$3:$R$5000,"") -> 0 | BC11: =SUMIFS('Raw Data'!$E$3:$E$5000,'Raw Data'!$P$3:$P$5000,"W18",'Raw Data'!$R$3:$R$5000,"") -> 0 | BD11: =SUMIFS('Raw Data'!$M$3:$M$5000,'Raw Data'!$P$3:$P$5000,"W19",'Raw Data'!$R$3:$R$5000,"") -> 0 | BE11: =SUMIFS('Raw Data'!$N$3:$N$5000,'Raw Data'!$P$3:$P$5000,"W19",'Raw Data'!$R$3:$R$5000,"") -> 0 | BF11: =SUMIFS('Raw Data'!$E$3:$E$5000,'Raw Data'!$P$3:$P$5000,"W19",'Raw Data'!$R$3:$R$5000,"") -> 0 | BG11: =SUMIFS('Raw Data'!$M$3:$M$5000,'Raw Data'!$P$3:$P$5000,"W20",'Raw Data'!$R$3:$R$5000,"") -> 0 | BH11: =SUMIFS('Raw Data'!$N$3:$N$5000,'Raw Data'!$P$3:$P$5000,"W20",'Raw Data'!$R$3:$R$5000,"") -> 0 | BI11: =SUMIFS('Raw Data'!$E$3:$E$5000,'Raw Data'!$P$3:$P$5000,"W20",'Raw Data'!$R$3:$R$5000,"") -> 0 | BJ11: =SUMIFS('Raw Data'!$M$3:$M$5000,'Raw Data'!$P$3:$P$5000,"W21",'Raw Data'!$R$3:$R$5000,"") -> 0 | BK11: =SUMIFS('Raw Data'!$N$3:$N$5000,'Raw Data'!$P$3:$P$5000,"W21",'Raw Data'!$R$3:$R$5000,"") -> 0 | BL11: =SUMIFS('Raw Data'!$E$3:$E$5000,'Raw Data'!$P$3:$P$5000,"W21",'Raw Data'!$R$3:$R$5000,"") -> 0 | BM11: =SUMIFS('Raw Data'!$M$3:$M$5000,'Raw Data'!$P$3:$P$5000,"W22",'Raw Data'!$R$3:$R$5000,"") -> 0 | BN11: =SUMIFS('Raw Data'!$N$3:$N$5000,'Raw Data'!$P$3:$P$5000,"W22",'Raw Data'!$R$3:$R$5000,"") -> 0 | BO11: =SUMIFS('Raw Data'!$E$3:$E$5000,'Raw Data'!$P$3:$P$5000,"W22",'Raw Data'!$R$3:$R$5000,"") -> 0 | BP11: =SUMIFS('Raw Data'!$M$3:$M$5000,'Raw Data'!$P$3:$P$5000,"W23",'Raw Data'!$R$3:$R$5000,"") -> 0 | BQ11: =SUMIFS('Raw Data'!$N$3:$N$5000,'Raw Data'!$P$3:$P$5000,"W23",'Raw Data'!$R$3:$R$5000,"") -> 0 | BR11: =SUMIFS('Raw Data'!$E$3:$E$5000,'Raw Data'!$P$3:$P$5000,"W23",'Raw Data'!$R$3:$R$5000,"") -> 0 | BS11: =SUMIFS('Raw Data'!$M$3:$M$5000,'Raw Data'!$P$3:$P$5000,"W24",'Raw Data'!$R$3:$R$5000,"") -> 0 | BT11: =SUMIFS('Raw Data'!$N$3:$N$5000,'Raw Data'!$P$3:$P$5000,"W24",'Raw Data'!$R$3:$R$5000,"") -> 0 | BU11: =SUMIFS('Raw Data'!$E$3:$E$5000,'Raw Data'!$P$3:$P$5000,"W24",'Raw Data'!$R$3:$R$5000,"") -> 0 | BV11: =SUMIFS('Raw Data'!$M$3:$M$5000,'Raw Data'!$P$3:$P$5000,"W25",'Raw Data'!$R$3:$R$5000,"") -> 0 | BW11: =SUMIFS('Raw Data'!$N$3:$N$5000,'Raw Data'!$P$3:$P$5000,"W25",'Raw Data'!$R$3:$R$5000,"") -> 0 | BX11: =SUMIFS('Raw Data'!$E$3:$E$5000,'Raw Data'!$P$3:$P$5000,"W25",'Raw Data'!$R$3:$R$5000,"") -> 0 | BY11: =SUMIFS('Raw Data'!$M$3:$M$5000,'Raw Data'!$P$3:$P$5000,"W26",'Raw Data'!$R$3:$R$5000,"") -> 0 | BZ11: =SUMIFS('Raw Data'!$N$3:$N$5000,'Raw Data'!$P$3:$P$5000,"W26",'Raw Data'!$R$3:$R$5000,"") -> 0 | CA11: =SUMIFS('Raw Data'!$E$3:$E$5000,'Raw Data'!$P$3:$P$5000,"W26",'Raw Data'!$R$3:$R$5000,"") -> 0 | CB11: =SUMIFS('Raw Data'!$M$3:$M$5000,'Raw Data'!$P$3:$P$5000,"W27",'Raw Data'!$R$3:$R$5000,"") -> 0 | CC11: =SUMIFS('Raw Data'!$N$3:$N$5000,'Raw Data'!$P$3:$P$5000,"W27",'Raw Data'!$R$3:$R$5000,"") -> 0 | CD11: =SUMIFS('Raw Data'!$E$3:$E$5000,'Raw Data'!$P$3:$P$5000,"W27",'Raw Data'!$R$3:$R$5000,"") -> 0 | CE11: =SUMIFS('Raw Data'!$M$3:$M$5000,'Raw Data'!$P$3:$P$5000,"W28",'Raw Data'!$R$3:$R$5000,"") -> 0 | CF11: =SUMIFS('Raw Data'!$N$3:$N$5000,'Raw Data'!$P$3:$P$5000,"W28",'Raw Data'!$R$3:$R$5000,"") -> 0 | CG11: =SUMIFS('Raw Data'!$E$3:$E$5000,'Raw Data'!$P$3:$P$5000,"W28",'Raw Data'!$R$3:$R$5000,"") -> 0 | CH11: =SUMIFS('Raw Data'!$M$3:$M$5000,'Raw Data'!$P$3:$P$5000,"W29",'Raw Data'!$R$3:$R$5000,"") -> 0 | CI11: =SUMIFS('Raw Data'!$N$3:$N$5000,'Raw Data'!$P$3:$P$5000,"W29",'Raw Data'!$R$3:$R$5000,"") -> 0 | CJ11: =SUMIFS('Raw Data'!$E$3:$E$5000,'Raw Data'!$P$3:$P$5000,"W29",'Raw Data'!$R$3:$R$5000,"") -> 0 | CK11: =SUMIFS('Raw Data'!$M$3:$M$5000,'Raw Data'!$P$3:$P$5000,"W30",'Raw Data'!$R$3:$R$5000,"") -> 0 | CL11: =SUMIFS('Raw Data'!$N$3:$N$5000,'Raw Data'!$P$3:$P$5000,"W30",'Raw Data'!$R$3:$R$5000,"") -> 0 | CM11: =SUMIFS('Raw Data'!$E$3:$E$5000,'Raw Data'!$P$3:$P$5000,"W30",'Raw Data'!$R$3:$R$5000,"") -> 0 | CN11: =SUMIFS('Raw Data'!$M$3:$M$5000,'Raw Data'!$P$3:$P$5000,"W31",'Raw Data'!$R$3:$R$5000,"") -> 0 | CO11: =SUMIFS('Raw Data'!$N$3:$N$5000,'Raw Data'!$P$3:$P$5000,"W31",'Raw Data'!$R$3:$R$5000,"") -> 0 | CP11: =SUMIFS('Raw Data'!$E$3:$E$5000,'Raw Data'!$P$3:$P$5000,"W31",'Raw Data'!$R$3:$R$5000,"") -> 0 | CQ11: =SUMIFS('Raw Data'!$M$3:$M$5000,'Raw Data'!$P$3:$P$5000,"W32",'Raw Data'!$R$3:$R$5000,"") -> 0 | CR11: =SUMIFS('Raw Data'!$N$3:$N$5000,'Raw Data'!$P$3:$P$5000,"W32",'Raw Data'!$R$3:$R$5000,"") -> 0 | CS11: =SUMIFS('Raw Data'!$E$3:$E$5000,'Raw Data'!$P$3:$P$5000,"W32",'Raw Data'!$R$3:$R$5000,"") -> 0 | CT11: =SUMIFS('Raw Data'!$M$3:$M$5000,'Raw Data'!$P$3:$P$5000,"W33",'Raw Data'!$R$3:$R$5000,"") -> 0 | CU11: =SUMIFS('Raw Data'!$N$3:$N$5000,'Raw Data'!$P$3:$P$5000,"W33",'Raw Data'!$R$3:$R$5000,"") -> 0 | CV11: =SUMIFS('Raw Data'!$E$3:$E$5000,'Raw Data'!$P$3:$P$5000,"W33",'Raw Data'!$R$3:$R$5000,"") -> 0 | CW11: =SUMIFS('Raw Data'!$M$3:$M$5000,'Raw Data'!$P$3:$P$5000,"W34",'Raw Data'!$R$3:$R$5000,"") -> 0 | CX11: =SUMIFS('Raw Data'!$N$3:$N$5000,'Raw Data'!$P$3:$P$5000,"W34",'Raw Data'!$R$3:$R$5000,"") -> 0 | CY11: =SUMIFS('Raw Data'!$E$3:$E$5000,'Raw Data'!$P$3:$P$5000,"W34",'Raw Data'!$R$3:$R$5000,"") -> 0 | CZ11: =SUMIFS('Raw Data'!$M$3:$M$5000,'Raw Data'!$P$3:$P$5000,"W35",'Raw Data'!$R$3:$R$5000,"") -> 0 | DA11: =SUMIFS('Raw Data'!$N$3:$N$5000,'Raw Data'!$P$3:$P$5000,"W35",'Raw Data'!$R$3:$R$5000,"") -> 0 | DB11: =SUMIFS('Raw Data'!$E$3:$E$5000,'Raw Data'!$P$3:$P$5000,"W35",'Raw Data'!$R$3:$R$5000,"") -> 0 | DC11: =SUMIFS('Raw Data'!$M$3:$M$5000,'Raw Data'!$P$3:$P$5000,"W36",'Raw Data'!$R$3:$R$5000,"") -> 0 | DD11: =SUMIFS('Raw Data'!$N$3:$N$5000,'Raw Data'!$P$3:$P$5000,"W36",'Raw Data'!$R$3:$R$5000,"") -> 0 | DE11: =SUMIFS('Raw Data'!$E$3:$E$5000,'Raw Data'!$P$3:$P$5000,"W36",'Raw Data'!$R$3:$R$5000,"") -> 0 | DF11: =SUMIFS('Raw Data'!$M$3:$M$5000,'Raw Data'!$P$3:$P$5000,"W37",'Raw Data'!$R$3:$R$5000,"") -> 0 | DG11: =SUMIFS('Raw Data'!$N$3:$N$5000,'Raw Data'!$P$3:$P$5000,"W37",'Raw Data'!$R$3:$R$5000,"") -> 0 | DH11: =SUMIFS('Raw Data'!$E$3:$E$5000,'Raw Data'!$P$3:$P$5000,"W37",'Raw Data'!$R$3:$R$5000,"") -> 0 | DI11: =SUMIFS('Raw Data'!$M$3:$M$5000,'Raw Data'!$P$3:$P$5000,"W38",'Raw Data'!$R$3:$R$5000,"") -> 0 | DJ11: =SUMIFS('Raw Data'!$N$3:$N$5000,'Raw Data'!$P$3:$P$5000,"W38",'Raw Data'!$R$3:$R$5000,"") -> 0 | DK11: =SUMIFS('Raw Data'!$E$3:$E$5000,'Raw Data'!$P$3:$P$5000,"W38",'Raw Data'!$R$3:$R$5000,"") -> 0 | DL11: =SUMIFS('Raw Data'!$M$3:$M$5000,'Raw Data'!$P$3:$P$5000,"W39",'Raw Data'!$R$3:$R$5000,"") -> 0 | DM11: =SUMIFS('Raw Data'!$N$3:$N$5000,'Raw Data'!$P$3:$P$5000,"W39",'Raw Data'!$R$3:$R$5000,"") -> 0 | DN11: =SUMIFS('Raw Data'!$E$3:$E$5000,'Raw Data'!$P$3:$P$5000,"W39",'Raw Data'!$R$3:$R$5000,"") -> 0 | DO11: =SUMIFS('Raw Data'!$M$3:$M$5000,'Raw Data'!$P$3:$P$5000,"W40",'Raw Data'!$R$3:$R$5000,"") -> 0 | DP11: =SUMIFS('Raw Data'!$N$3:$N$5000,'Raw Data'!$P$3:$P$5000,"W40",'Raw Data'!$R$3:$R$5000,"") -> 0 | DQ11: =SUMIFS('Raw Data'!$E$3:$E$5000,'Raw Data'!$P$3:$P$5000,"W40",'Raw Data'!$R$3:$R$5000,"") -> 0 | DR11: =SUMIFS('Raw Data'!$M$3:$M$5000,'Raw Data'!$P$3:$P$5000,"W41",'Raw Data'!$R$3:$R$5000,"") -> 0 | DS11: =SUMIFS('Raw Data'!$N$3:$N$5000,'Raw Data'!$P$3:$P$5000,"W41",'Raw Data'!$R$3:$R$5000,"") -> 0 | DT11: =SUMIFS('Raw Data'!$E$3:$E$5000,'Raw Data'!$P$3:$P$5000,"W41",'Raw Data'!$R$3:$R$5000,"") -> 0 | DU11: =SUMIFS('Raw Data'!$M$3:$M$5000,'Raw Data'!$P$3:$P$5000,"W42",'Raw Data'!$R$3:$R$5000,"") -> 0 | DV11: =SUMIFS('Raw Data'!$N$3:$N$5000,'Raw Data'!$P$3:$P$5000,"W42",'Raw Data'!$R$3:$R$5000,"") -> 0 | DW11: =SUMIFS('Raw Data'!$E$3:$E$5000,'Raw Data'!$P$3:$P$5000,"W42",'Raw Data'!$R$3:$R$5000,"") -> 0 | DX11: =SUMIFS('Raw Data'!$M$3:$M$5000,'Raw Data'!$P$3:$P$5000,"W43",'Raw Data'!$R$3:$R$5000,"") -> 0 | DY11: =SUMIFS('Raw Data'!$N$3:$N$5000,'Raw Data'!$P$3:$P$5000,"W43",'Raw Data'!$R$3:$R$5000,"") -> 0 | DZ11: =SUMIFS('Raw Data'!$E$3:$E$5000,'Raw Data'!$P$3:$P$5000,"W43",'Raw Data'!$R$3:$R$5000,"") -> 0 | EA11: =SUMIFS('Raw Data'!$M$3:$M$5000,'Raw Data'!$P$3:$P$5000,"W44",'Raw Data'!$R$3:$R$5000,"") -> 0 | EB11: =SUMIFS('Raw Data'!$N$3:$N$5000,'Raw Data'!$P$3:$P$5000,"W44",'Raw Data'!$R$3:$R$5000,"") -> 0 | EC11: =SUMIFS('Raw Data'!$E$3:$E$5000,'Raw Data'!$P$3:$P$5000,"W44",'Raw Data'!$R$3:$R$5000,"") -> 0 | ED11: =SUMIFS('Raw Data'!$M$3:$M$5000,'Raw Data'!$P$3:$P$5000,"W45",'Raw Data'!$R$3:$R$5000,"") -> 0 | EE11: =SUMIFS('Raw Data'!$N$3:$N$5000,'Raw Data'!$P$3:$P$5000,"W45",'Raw Data'!$R$3:$R$5000,"") -> 0 | EF11: =SUMIFS('Raw Data'!$E$3:$E$5000,'Raw Data'!$P$3:$P$5000,"W45",'Raw Data'!$R$3:$R$5000,"") -> 0 | EG11: =SUMIFS('Raw Data'!$M$3:$M$5000,'Raw Data'!$P$3:$P$5000,"W46",'Raw Data'!$R$3:$R$5000,"") -> 0 | EH11: =SUMIFS('Raw Data'!$N$3:$N$5000,'Raw Data'!$P$3:$P$5000,"W46",'Raw Data'!$R$3:$R$5000,"") -> 0 | EI11: =SUMIFS('Raw Data'!$E$3:$E$5000,'Raw Data'!$P$3:$P$5000,"W46",'Raw Data'!$R$3:$R$5000,"") -> 0 | EJ11: =SUMIFS('Raw Data'!$M$3:$M$5000,'Raw Data'!$P$3:$P$5000,"W47",'Raw Data'!$R$3:$R$5000,"") -> 0 | EK11: =SUMIFS('Raw Data'!$N$3:$N$5000,'Raw Data'!$P$3:$P$5000,"W47",'Raw Data'!$R$3:$R$5000,"") -> 0 | EL11: =SUMIFS('Raw Data'!$E$3:$E$5000,'Raw Data'!$P$3:$P$5000,"W47",'Raw Data'!$R$3:$R$5000,"") -> 0 | EM11: =SUMIFS('Raw Data'!$M$3:$M$5000,'Raw Data'!$P$3:$P$5000,"W48",'Raw Data'!$R$3:$R$5000,"") -> 0 | EN11: =SUMIFS('Raw Data'!$N$3:$N$5000,'Raw Data'!$P$3:$P$5000,"W48",'Raw Data'!$R$3:$R$5000,"") -> 0 | EO11: =SUMIFS('Raw Data'!$E$3:$E$5000,'Raw Data'!$P$3:$P$5000,"W48",'Raw Data'!$R$3:$R$5000,"") -> 0 | EP11: =SUMIFS('Raw Data'!$M$3:$M$5000,'Raw Data'!$P$3:$P$5000,"W49",'Raw Data'!$R$3:$R$5000,"") -> 0 | EQ11: =SUMIFS('Raw Data'!$N$3:$N$5000,'Raw Data'!$P$3:$P$5000,"W49",'Raw Data'!$R$3:$R$5000,"") -> 0 | ER11: =SUMIFS('Raw Data'!$E$3:$E$5000,'Raw Data'!$P$3:$P$5000,"W49",'Raw Data'!$R$3:$R$5000,"") -> 0 | ES11: =SUMIFS('Raw Data'!$M$3:$M$5000,'Raw Data'!$P$3:$P$5000,"W50",'Raw Data'!$R$3:$R$5000,"") -> 0 | ET11: =SUMIFS('Raw Data'!$N$3:$N$5000,'Raw Data'!$P$3:$P$5000,"W50",'Raw Data'!$R$3:$R$5000,"") -> 0 | EU11: =SUMIFS('Raw Data'!$E$3:$E$5000,'Raw Data'!$P$3:$P$5000,"W50",'Raw Data'!$R$3:$R$5000,"") -> 0 | EV11: =SUMIFS('Raw Data'!$M$3:$M$5000,'Raw Data'!$P$3:$P$5000,"W51",'Raw Data'!$R$3:$R$5000,"") -> 0 | EW11: =SUMIFS('Raw Data'!$N$3:$N$5000,'Raw Data'!$P$3:$P$5000,"W51",'Raw Data'!$R$3:$R$5000,"") -> 0 | EX11: =SUMIFS('Raw Data'!$E$3:$E$5000,'Raw Data'!$P$3:$P$5000,"W51",'Raw Data'!$R$3:$R$5000,"") -> 0 | EY11: =SUMIFS('Raw Data'!$M$3:$M$5000,'Raw Data'!$P$3:$P$5000,"W52",'Raw Data'!$R$3:$R$5000,"") -> 0 | EZ11: =SUMIFS('Raw Data'!$N$3:$N$5000,'Raw Data'!$P$3:$P$5000,"W52",'Raw Data'!$R$3:$R$5000,"") -> 0 | FA11: =SUMIFS('Raw Data'!$E$3:$E$5000,'Raw Data'!$P$3:$P$5000,"W52",'Raw Data'!$R$3:$R$5000,"") -> 0 | FB11: =B11+E11+H11+K11+N11+Q11+T11+W11+Z11+AC11+AF11+AI11+AL11+AO11+AR11+AU11+AX11+BA11+BD11+BG11+BJ11+BM11+BP11+BS11+BV11+BY11+CB11+CE11+CH11+CK11+CN11+CQ11+CT11+CW11+CZ11+DC11+DF11+DI11+DL11+DO11+DR11+DU11+DX11+EA11+ED11+EG11+EJ11+EM11+EP11+ES11+EV11+EY11 -> 6597.72 | FC11: =C11+F11+I11+L11+O11+R11+U11+X11+AA11+AD11+AG11+AJ11+AM11+AP11+AS11+AV11+AY11+BB11+BE11+BH11+BK11+BN11+BQ11+BT11+BW11+BZ11+CC11+CF11+CI11+CL11+CO11+CR11+CU11+CX11+DA11+DD11+DG11+DJ11+DM11+DP11+DS11+DV11+DY11+EB11+EE11+EH11+EK11+EN11+EQ11+ET11+EW11+EZ11 -> 14182.76 | FD11: =D11+G11+J11+M11+P11+S11+V11+Y11+AB11+AE11+AH11+AK11+AN11+AQ11+AT11+AW11+AZ11+BC11+BF11+BI11+BL11+BO11+BR11+BU11+BX11+CA11+CD11+CG11+CJ11+CM11+CP11+CS11+CV11+CY11+DB11+DE11+DH11+DK11+DN11+DQ11+DT11+DW11+DZ11+EC11+EF11+EI11+EL11+EO11+ER11+EU11+EX11+FA11 -> 94
A13: DN Raised (Carriers) | B13: =SUMIFS('Raw Data'!$M$3:$M$5000,'Raw Data'!$P$3:$P$5000,"W1",'Raw Data'!$H$3:$H$5000,"<>") -> 0 | C13: =SUMIFS('Raw Data'!$N$3:$N$5000,'Raw Data'!$P$3:$P$5000,"W1",'Raw Data'!$H$3:$H$5000,"<>") -> 0 | D13: =SUMIFS('Raw Data'!$E$3:$E$5000,'Raw Data'!$P$3:$P$5000,"W1",'Raw Data'!$H$3:$H$5000,"<>") -> 0 | E13: =SUMIFS('Raw Data'!$M$3:$M$5000,'Raw Data'!$P$3:$P$5000,"W2",'Raw Data'!$H$3:$H$5000,"<>") -> 0 | F13: =SUMIFS('Raw Data'!$N$3:$N$5000,'Raw Data'!$P$3:$P$5000,"W2",'Raw Data'!$H$3:$H$5000,"<>") -> 0 | G13: =SUMIFS('Raw Data'!$E$3:$E$5000,'Raw Data'!$P$3:$P$5000,"W2",'Raw Data'!$H$3:$H$5000,"<>") -> 0 | H13: =SUMIFS('Raw Data'!$M$3:$M$5000,'Raw Data'!$P$3:$P$5000,"W3",'Raw Data'!$H$3:$H$5000,"<>") -> 0 | I13: =SUMIFS('Raw Data'!$N$3:$N$5000,'Raw Data'!$P$3:$P$5000,"W3",'Raw Data'!$H$3:$H$5000,"<>") -> 0 | J13: =SUMIFS('Raw Data'!$E$3:$E$5000,'Raw Data'!$P$3:$P$5000,"W3",'Raw Data'!$H$3:$H$5000,"<>") -> 0 | K13: =SUMIFS('Raw Data'!$M$3:$M$5000,'Raw Data'!$P$3:$P$5000,"W4",'Raw Data'!$H$3:$H$5000,"<>") -> 0 | L13: =SUMIFS('Raw Data'!$N$3:$N$5000,'Raw Data'!$P$3:$P$5000,"W4",'Raw Data'!$H$3:$H$5000,"<>") -> 0 | M13: =SUMIFS('Raw Data'!$E$3:$E$5000,'Raw Data'!$P$3:$P$5000,"W4",'Raw Data'!$H$3:$H$5000,"<>") -> 0 | N13: =SUMIFS('Raw Data'!$M$3:$M$5000,'Raw Data'!$P$3:$P$5000,"W5",'Raw Data'!$H$3:$H$5000,"<>") -> 0 | O13: =SUMIFS('Raw Data'!$N$3:$N$5000,'Raw Data'!$P$3:$P$5000,"W5",'Raw Data'!$H$3:$H$5000,"<>") -> 0 | P13: =SUMIFS('Raw Data'!$E$3:$E$5000,'Raw Data'!$P$3:$P$5000,"W5",'Raw Data'!$H$3:$H$5000,"<>") -> 0 | Q13: =SUMIFS('Raw Data'!$M$3:$M$5000,'Raw Data'!$P$3:$P$5000,"W6",'Raw Data'!$H$3:$H$5000,"<>") -> 0 | R13: =SUMIFS('Raw Data'!$N$3:$N$5000,'Raw Data'!$P$3:$P$5000,"W6",'Raw Data'!$H$3:$H$5000,"<>") -> 0 | S13: =SUMIFS('Raw Data'!$E$3:$E$5000,'Raw Data'!$P$3:$P$5000,"W6",'Raw Data'!$H$3:$H$5000,"<>") -> 0 | T13: =SUMIFS('Raw Data'!$M$3:$M$5000,'Raw Data'!$P$3:$P$5000,"W7",'Raw Data'!$H$3:$H$5000,"<>") -> 0 | U13: =SUMIFS('Raw Data'!$N$3:$N$5000,'Raw Data'!$P$3:$P$5000,"W7",'Raw Data'!$H$3:$H$5000,"<>") -> 0 | V13: =SUMIFS('Raw Data'!$E$3:$E$5000,'Raw Data'!$P$3:$P$5000,"W7",'Raw Data'!$H$3:$H$5000,"<>") -> 0 | W13: =SUMIFS('Raw Data'!$M$3:$M$5000,'Raw Data'!$P$3:$P$5000,"W8",'Raw Data'!$H$3:$H$5000,"<>") -> 0 | X13: =SUMIFS('Raw Data'!$N$3:$N$5000,'Raw Data'!$P$3:$P$5000,"W8",'Raw Data'!$H$3:$H$5000,"<>") -> 0 | Y13: =SUMIFS('Raw Data'!$E$3:$E$5000,'Raw Data'!$P$3:$P$5000,"W8",'Raw Data'!$H$3:$H$5000,"<>") -> 0 | Z13: =SUMIFS('Raw Data'!$M$3:$M$5000,'Raw Data'!$P$3:$P$5000,"W9",'Raw Data'!$H$3:$H$5000,"<>") -> 1685 | AA13: =SUMIFS('Raw Data'!$N$3:$N$5000,'Raw Data'!$P$3:$P$5000,"W9",'Raw Data'!$H$3:$H$5000,"<>") -> 3654 | AB13: =SUMIFS('Raw Data'!$E$3:$E$5000,'Raw Data'!$P$3:$P$5000,"W9",'Raw Data'!$H$3:$H$5000,"<>") -> 20 | AC13: =SUMIFS('Raw Data'!$M$3:$M$5000,'Raw Data'!$P$3:$P$5000,"W10",'Raw Data'!$H$3:$H$5000,"<>") -> 1061.1 | AD13: =SUMIFS('Raw Data'!$N$3:$N$5000,'Raw Data'!$P$3:$P$5000,"W10",'Raw Data'!$H$3:$H$5000,"<>") -> 2586.92 | AE13: =SUMIFS('Raw Data'!$E$3:$E$5000,'Raw Data'!$P$3:$P$5000,"W10",'Raw Data'!$H$3:$H$5000,"<>") -> 14 | AF13: =SUMIFS('Raw Data'!$M$3:$M$5000,'Raw Data'!$P$3:$P$5000,"W11",'Raw Data'!$H$3:$H$5000,"<>") -> 4595 | AG13: =SUMIFS('Raw Data'!$N$3:$N$5000,'Raw Data'!$P$3:$P$5000,"W11",'Raw Data'!$H$3:$H$5000,"<>") -> 9915 | AH13: =SUMIFS('Raw Data'!$E$3:$E$5000,'Raw Data'!$P$3:$P$5000,"W11",'Raw Data'!$H$3:$H$5000,"<>") -> 104 | AI13: =SUMIFS('Raw Data'!$M$3:$M$5000,'Raw Data'!$P$3:$P$5000,"W12",'Raw Data'!$H$3:$H$5000,"<>") -> 0 | AJ13: =SUMIFS('Raw Data'!$N$3:$N$5000,'Raw Data'!$P$3:$P$5000,"W12",'Raw Data'!$H$3:$H$5000,"<>") -> 0 | AK13: =SUMIFS('Raw Data'!$E$3:$E$5000,'Raw Data'!$P$3:$P$5000,"W12",'Raw Data'!$H$3:$H$5000,"<>") -> 0 | AL13: =SUMIFS('Raw Data'!$M$3:$M$5000,'Raw Data'!$P$3:$P$5000,"W13",'Raw Data'!$H$3:$H$5000,"<>") -> 0 | AM13: =SUMIFS('Raw Data'!$N$3:$N$5000,'Raw Data'!$P$3:$P$5000,"W13",'Raw Data'!$H$3:$H$5000,"<>") -> 0 | AN13: =SUMIFS('Raw Data'!$E$3:$E$5000,'Raw Data'!$P$3:$P$5000,"W13",'Raw Data'!$H$3:$H$5000,"<>") -> 0 | AO13: =SUMIFS('Raw Data'!$M$3:$M$5000,'Raw Data'!$P$3:$P$5000,"W14",'Raw Data'!$H$3:$H$5000,"<>") -> 0 | AP13: =SUMIFS('Raw Data'!$N$3:$N$5000,'Raw Data'!$P$3:$P$5000,"W14",'Raw Data'!$H$3:$H$5000,"<>") -> 0 | AQ13: =SUMIFS('Raw Data'!$E$3:$E$5000,'Raw Data'!$P$3:$P$5000,"W14",'Raw Data'!$H$3:$H$5000,"<>") -> 0 | AR13: =SUMIFS('Raw Data'!$M$3:$M$5000,'Raw Data'!$P$3:$P$5000,"W15",'Raw Data'!$H$3:$H$5000,"<>") -> 0 | AS13: =SUMIFS('Raw Data'!$N$3:$N$5000,'Raw Data'!$P$3:$P$5000,"W15",'Raw Data'!$H$3:$H$5000,"<>") -> 0 | AT13: =SUMIFS('Raw Data'!$E$3:$E$5000,'Raw Data'!$P$3:$P$5000,"W15",'Raw Data'!$H$3:$H$5000,"<>") -> 0 | AU13: =SUMIFS('Raw Data'!$M$3:$M$5000,'Raw Data'!$P$3:$P$5000,"W16",'Raw Data'!$H$3:$H$5000,"<>") -> 0 | AV13: =SUMIFS('Raw Data'!$N$3:$N$5000,'Raw Data'!$P$3:$P$5000,"W16",'Raw Data'!$H$3:$H$5000,"<>") -> 0 | AW13: =SUMIFS('Raw Data'!$E$3:$E$5000,'Raw Data'!$P$3:$P$5000,"W16",'Raw Data'!$H$3:$H$5000,"<>") -> 0 | AX13: =SUMIFS('Raw Data'!$M$3:$M$5000,'Raw Data'!$P$3:$P$5000,"W17",'Raw Data'!$H$3:$H$5000,"<>") -> 0 | AY13: =SUMIFS('Raw Data'!$N$3:$N$5000,'Raw Data'!$P$3:$P$5000,"W17",'Raw Data'!$H$3:$H$5000,"<>") -> 0 | AZ13: =SUMIFS('Raw Data'!$E$3:$E$5000,'Raw Data'!$P$3:$P$5000,"W17",'Raw Data'!$H$3:$H$5000,"<>") -> 0 | BA13: =SUMIFS('Raw Data'!$M$3:$M$5000,'Raw Data'!$P$3:$P$5000,"W18",'Raw Data'!$H$3:$H$5000,"<>") -> 0 | BB13: =SUMIFS('Raw Data'!$N$3:$N$5000,'Raw Data'!$P$3:$P$5000,"W18",'Raw Data'!$H$3:$H$5000,"<>") -> 0 | BC13: =SUMIFS('Raw Data'!$E$3:$E$5000,'Raw Data'!$P$3:$P$5000,"W18",'Raw Data'!$H$3:$H$5000,"<>") -> 0 | BD13: =SUMIFS('Raw Data'!$M$3:$M$5000,'Raw Data'!$P$3:$P$5000,"W19",'Raw Data'!$H$3:$H$5000,"<>") -> 0 | BE13: =SUMIFS('Raw Data'!$N$3:$N$5000,'Raw Data'!$P$3:$P$5000,"W19",'Raw Data'!$H$3:$H$5000,"<>") -> 0 | BF13: =SUMIFS('Raw Data'!$E$3:$E$5000,'Raw Data'!$P$3:$P$5000,"W19",'Raw Data'!$H$3:$H$5000,"<>") -> 0 | BG13: =SUMIFS('Raw Data'!$M$3:$M$5000,'Raw Data'!$P$3:$P$5000,"W20",'Raw Data'!$H$3:$H$5000,"<>") -> 0 | BH13: =SUMIFS('Raw Data'!$N$3:$N$5000,'Raw Data'!$P$3:$P$5000,"W20",'Raw Data'!$H$3:$H$5000,"<>") -> 0 | BI13: =SUMIFS('Raw Data'!$E$3:$E$5000,'Raw Data'!$P$3:$P$5000,"W20",'Raw Data'!$H$3:$H$5000,"<>") -> 0 | BJ13: =SUMIFS('Raw Data'!$M$3:$M$5000,'Raw Data'!$P$3:$P$5000,"W21",'Raw Data'!$H$3:$H$5000,"<>") -> 0 | BK13: =SUMIFS('Raw Data'!$N$3:$N$5000,'Raw Data'!$P$3:$P$5000,"W21",'Raw Data'!$H$3:$H$5000,"<>") -> 0 | BL13: =SUMIFS('Raw Data'!$E$3:$E$5000,'Raw Data'!$P$3:$P$5000,"W21",'Raw Data'!$H$3:$H$5000,"<>") -> 0 | BM13: =SUMIFS('Raw Data'!$M$3:$M$5000,'Raw Data'!$P$3:$P$5000,"W22",'Raw Data'!$H$3:$H$5000,"<>") -> 0 | BN13: =SUMIFS('Raw Data'!$N$3:$N$5000,'Raw Data'!$P$3:$P$5000,"W22",'Raw Data'!$H$3:$H$5000,"<>") -> 0 | BO13: =SUMIFS('Raw Data'!$E$3:$E$5000,'Raw Data'!$P$3:$P$5000,"W22",'Raw Data'!$H$3:$H$5000,"<>") -> 0 | BP13: =SUMIFS('Raw Data'!$M$3:$M$5000,'Raw Data'!$P$3:$P$5000,"W23",'Raw Data'!$H$3:$H$5000,"<>") -> 0 | BQ13: =SUMIFS('Raw Data'!$N$3:$N$5000,'Raw Data'!$P$3:$P$5000,"W23",'Raw Data'!$H$3:$H$5000,"<>") -> 0 | BR13: =SUMIFS('Raw Data'!$E$3:$E$5000,'Raw Data'!$P$3:$P$5000,"W23",'Raw Data'!$H$3:$H$5000,"<>") -> 0 | BS13: =SUMIFS('Raw Data'!$M$3:$M$5000,'Raw Data'!$P$3:$P$5000,"W24",'Raw Data'!$H$3:$H$5000,"<>") -> 0 | BT13: =SUMIFS('Raw Data'!$N$3:$N$5000,'Raw Data'!$P$3:$P$5000,"W24",'Raw Data'!$H$3:$H$5000,"<>") -> 0 | BU13: =SUMIFS('Raw Data'!$E$3:$E$5000,'Raw Data'!$P$3:$P$5000,"W24",'Raw Data'!$H$3:$H$5000,"<>") -> 0 | BV13: =SUMIFS('Raw Data'!$M$3:$M$5000,'Raw Data'!$P$3:$P$5000,"W25",'Raw Data'!$H$3:$H$5000,"<>") -> 0 | BW13: =SUMIFS('Raw Data'!$N$3:$N$5000,'Raw Data'!$P$3:$P$5000,"W25",'Raw Data'!$H$3:$H$5000,"<>") -> 0 | BX13: =SUMIFS('Raw Data'!$E$3:$E$5000,'Raw Data'!$P$3:$P$5000,"W25",'Raw Data'!$H$3:$H$5000,"<>") -> 0 | BY13: =SUMIFS('Raw Data'!$M$3:$M$5000,'Raw Data'!$P$3:$P$5000,"W26",'Raw Data'!$H$3:$H$5000,"<>") -> 0 | BZ13: =SUMIFS('Raw Data'!$N$3:$N$5000,'Raw Data'!$P$3:$P$5000,"W26",'Raw Data'!$H$3:$H$5000,"<>") -> 0 | CA13: =SUMIFS('Raw Data'!$E$3:$E$5000,'Raw Data'!$P$3:$P$5000,"W26",'Raw Data'!$H$3:$H$5000,"<>") -> 0 | CB13: =SUMIFS('Raw Data'!$M$3:$M$5000,'Raw Data'!$P$3:$P$5000,"W27",'Raw Data'!$H$3:$H$5000,"<>") -> 0 | CC13: =SUMIFS('Raw Data'!$N$3:$N$5000,'Raw Data'!$P$3:$P$5000,"W27",'Raw Data'!$H$3:$H$5000,"<>") -> 0 | CD13: =SUMIFS('Raw Data'!$E$3:$E$5000,'Raw Data'!$P$3:$P$5000,"W27",'Raw Data'!$H$3:$H$5000,"<>") -> 0 | CE13: =SUMIFS('Raw Data'!$M$3:$M$5000,'Raw Data'!$P$3:$P$5000,"W28",'Raw Data'!$H$3:$H$5000,"<>") -> 0 | CF13: =SUMIFS('Raw Data'!$N$3:$N$5000,'Raw Data'!$P$3:$P$5000,"W28",'Raw Data'!$H$3:$H$5000,"<>") -> 0 | CG13: =SUMIFS('Raw Data'!$E$3:$E$5000,'Raw Data'!$P$3:$P$5000,"W28",'Raw Data'!$H$3:$H$5000,"<>") -> 0 | CH13: =SUMIFS('Raw Data'!$M$3:$M$5000,'Raw Data'!$P$3:$P$5000,"W29",'Raw Data'!$H$3:$H$5000,"<>") -> 0 | CI13: =SUMIFS('Raw Data'!$N$3:$N$5000,'Raw Data'!$P$3:$P$5000,"W29",'Raw Data'!$H$3:$H$5000,"<>") -> 0 | CJ13: =SUMIFS('Raw Data'!$E$3:$E$5000,'Raw Data'!$P$3:$P$5000,"W29",'Raw Data'!$H$3:$H$5000,"<>") -> 0 | CK13: =SUMIFS('Raw Data'!$M$3:$M$5000,'Raw Data'!$P$3:$P$5000,"W30",'Raw Data'!$H$3:$H$5000,"<>") -> 0 | CL13: =SUMIFS('Raw Data'!$N$3:$N$5000,'Raw Data'!$P$3:$P$5000,"W30",'Raw Data'!$H$3:$H$5000,"<>") -> 0 | CM13: =SUMIFS('Raw Data'!$E$3:$E$5000,'Raw Data'!$P$3:$P$5000,"W30",'Raw Data'!$H$3:$H$5000,"<>") -> 0 | CN13: =SUMIFS('Raw Data'!$M$3:$M$5000,'Raw Data'!$P$3:$P$5000,"W31",'Raw Data'!$H$3:$H$5000,"<>") -> 0 | CO13: =SUMIFS('Raw Data'!$N$3:$N$5000,'Raw Data'!$P$3:$P$5000,"W31",'Raw Data'!$H$3:$H$5000,"<>") -> 0 | CP13: =SUMIFS('Raw Data'!$E$3:$E$5000,'Raw Data'!$P$3:$P$5000,"W31",'Raw Data'!$H$3:$H$5000,"<>") -> 0 | CQ13: =SUMIFS('Raw Data'!$M$3:$M$5000,'Raw Data'!$P$3:$P$5000,"W32",'Raw Data'!$H$3:$H$5000,"<>") -> 0 | CR13: =SUMIFS('Raw Data'!$N$3:$N$5000,'Raw Data'!$P$3:$P$5000,"W32",'Raw Data'!$H$3:$H$5000,"<>") -> 0 | CS13: =SUMIFS('Raw Data'!$E$3:$E$5000,'Raw Data'!$P$3:$P$5000,"W32",'Raw Data'!$H$3:$H$5000,"<>") -> 0 | CT13: =SUMIFS('Raw Data'!$M$3:$M$5000,'Raw Data'!$P$3:$P$5000,"W33",'Raw Data'!$H$3:$H$5000,"<>") -> 0 | CU13: =SUMIFS('Raw Data'!$N$3:$N$5000,'Raw Data'!$P$3:$P$5000,"W33",'Raw Data'!$H$3:$H$5000,"<>") -> 0 | CV13: =SUMIFS('Raw Data'!$E$3:$E$5000,'Raw Data'!$P$3:$P$5000,"W33",'Raw Data'!$H$3:$H$5000,"<>") -> 0 | CW13: =SUMIFS('Raw Data'!$M$3:$M$5000,'Raw Data'!$P$3:$P$5000,"W34",'Raw Data'!$H$3:$H$5000,"<>") -> 0 | CX13: =SUMIFS('Raw Data'!$N$3:$N$5000,'Raw Data'!$P$3:$P$5000,"W34",'Raw Data'!$H$3:$H$5000,"<>") -> 0 | CY13: =SUMIFS('Raw Data'!$E$3:$E$5000,'Raw Data'!$P$3:$P$5000,"W34",'Raw Data'!$H$3:$H$5000,"<>") -> 0 | CZ13: =SUMIFS('Raw Data'!$M$3:$M$5000,'Raw Data'!$P$3:$P$5000,"W35",'Raw Data'!$H$3:$H$5000,"<>") -> 0 | DA13: =SUMIFS('Raw Data'!$N$3:$N$5000,'Raw Data'!$P$3:$P$5000,"W35",'Raw Data'!$H$3:$H$5000,"<>") -> 0 | DB13: =SUMIFS('Raw Data'!$E$3:$E$5000,'Raw Data'!$P$3:$P$5000,"W35",'Raw Data'!$H$3:$H$5000,"<>") -> 0 | DC13: =SUMIFS('Raw Data'!$M$3:$M$5000,'Raw Data'!$P$3:$P$5000,"W36",'Raw Data'!$H$3:$H$5000,"<>") -> 0 | DD13: =SUMIFS('Raw Data'!$N$3:$N$5000,'Raw Data'!$P$3:$P$5000,"W36",'Raw Data'!$H$3:$H$5000,"<>") -> 0 | DE13: =SUMIFS('Raw Data'!$E$3:$E$5000,'Raw Data'!$P$3:$P$5000,"W36",'Raw Data'!$H$3:$H$5000,"<>") -> 0 | DF13: =SUMIFS('Raw Data'!$M$3:$M$5000,'Raw Data'!$P$3:$P$5000,"W37",'Raw Data'!$H$3:$H$5000,"<>") -> 0 | DG13: =SUMIFS('Raw Data'!$N$3:$N$5000,'Raw Data'!$P$3:$P$5000,"W37",'Raw Data'!$H$3:$H$5000,"<>") -> 0 | DH13: =SUMIFS('Raw Data'!$E$3:$E$5000,'Raw Data'!$P$3:$P$5000,"W37",'Raw Data'!$H$3:$H$5000,"<>") -> 0 | DI13: =SUMIFS('Raw Data'!$M$3:$M$5000,'Raw Data'!$P$3:$P$5000,"W38",'Raw Data'!$H$3:$H$5000,"<>") -> 0 | DJ13: =SUMIFS('Raw Data'!$N$3:$N$5000,'Raw Data'!$P$3:$P$5000,"W38",'Raw Data'!$H$3:$H$5000,"<>") -> 0 | DK13: =SUMIFS('Raw Data'!$E$3:$E$5000,'Raw Data'!$P$3:$P$5000,"W38",'Raw Data'!$H$3:$H$5000,"<>") -> 0 | DL13: =SUMIFS('Raw Data'!$M$3:$M$5000,'Raw Data'!$P$3:$P$5000,"W39",'Raw Data'!$H$3:$H$5000,"<>") -> 0 | DM13: =SUMIFS('Raw Data'!$N$3:$N$5000,'Raw Data'!$P$3:$P$5000,"W39",'Raw Data'!$H$3:$H$5000,"<>") -> 0 | DN13: =SUMIFS('Raw Data'!$E$3:$E$5000,'Raw Data'!$P$3:$P$5000,"W39",'Raw Data'!$H$3:$H$5000,"<>") -> 0 | DO13: =SUMIFS('Raw Data'!$M$3:$M$5000,'Raw Data'!$P$3:$P$5000,"W40",'Raw Data'!$H$3:$H$5000,"<>") -> 0 | DP13: =SUMIFS('Raw Data'!$N$3:$N$5000,'Raw Data'!$P$3:$P$5000,"W40",'Raw Data'!$H$3:$H$5000,"<>") -> 0 | DQ13: =SUMIFS('Raw Data'!$E$3:$E$5000,'Raw Data'!$P$3:$P$5000,"W40",'Raw Data'!$H$3:$H$5000,"<>") -> 0 | DR13: =SUMIFS('Raw Data'!$M$3:$M$5000,'Raw Data'!$P$3:$P$5000,"W41",'Raw Data'!$H$3:$H$5000,"<>") -> 0 | DS13: =SUMIFS('Raw Data'!$N$3:$N$5000,'Raw Data'!$P$3:$P$5000,"W41",'Raw Data'!$H$3:$H$5000,"<>") -> 0 | DT13: =SUMIFS('Raw Data'!$E$3:$E$5000,'Raw Data'!$P$3:$P$5000,"W41",'Raw Data'!$H$3:$H$5000,"<>") -> 0 | DU13: =SUMIFS('Raw Data'!$M$3:$M$5000,'Raw Data'!$P$3:$P$5000,"W42",'Raw Data'!$H$3:$H$5000,"<>") -> 0 | DV13: =SUMIFS('Raw Data'!$N$3:$N$5000,'Raw Data'!$P$3:$P$5000,"W42",'Raw Data'!$H$3:$H$5000,"<>") -> 0 | DW13: =SUMIFS('Raw Data'!$E$3:$E$5000,'Raw Data'!$P$3:$P$5000,"W42",'Raw Data'!$H$3:$H$5000,"<>") -> 0 | DX13: =SUMIFS('Raw Data'!$M$3:$M$5000,'Raw Data'!$P$3:$P$5000,"W43",'Raw Data'!$H$3:$H$5000,"<>") -> 0 | DY13: =SUMIFS('Raw Data'!$N$3:$N$5000,'Raw Data'!$P$3:$P$5000,"W43",'Raw Data'!$H$3:$H$5000,"<>") -> 0 | DZ13: =SUMIFS('Raw Data'!$E$3:$E$5000,'Raw Data'!$P$3:$P$5000,"W43",'Raw Data'!$H$3:$H$5000,"<>") -> 0 | EA13: =SUMIFS('Raw Data'!$M$3:$M$5000,'Raw Data'!$P$3:$P$5000,"W44",'Raw Data'!$H$3:$H$5000,"<>") -> 0 | EB13: =SUMIFS('Raw Data'!$N$3:$N$5000,'Raw Data'!$P$3:$P$5000,"W44",'Raw Data'!$H$3:$H$5000,"<>") -> 0 | EC13: =SUMIFS('Raw Data'!$E$3:$E$5000,'Raw Data'!$P$3:$P$5000,"W44",'Raw Data'!$H$3:$H$5000,"<>") -> 0 | ED13: =SUMIFS('Raw Data'!$M$3:$M$5000,'Raw Data'!$P$3:$P$5000,"W45",'Raw Data'!$H$3:$H$5000,"<>") -> 0 | EE13: =SUMIFS('Raw Data'!$N$3:$N$5000,'Raw Data'!$P$3:$P$5000,"W45",'Raw Data'!$H$3:$H$5000,"<>") -> 0 | EF13: =SUMIFS('Raw Data'!$E$3:$E$5000,'Raw Data'!$P$3:$P$5000,"W45",'Raw Data'!$H$3:$H$5000,"<>") -> 0 | EG13: =SUMIFS('Raw Data'!$M$3:$M$5000,'Raw Data'!$P$3:$P$5000,"W46",'Raw Data'!$H$3:$H$5000,"<>") -> 0 | EH13: =SUMIFS('Raw Data'!$N$3:$N$5000,'Raw Data'!$P$3:$P$5000,"W46",'Raw Data'!$H$3:$H$5000,"<>") -> 0 | EI13: =SUMIFS('Raw Data'!$E$3:$E$5000,'Raw Data'!$P$3:$P$5000,"W46",'Raw Data'!$H$3:$H$5000,"<>") -> 0 | EJ13: =SUMIFS('Raw Data'!$M$3:$M$5000,'Raw Data'!$P$3:$P$5000,"W47",'Raw Data'!$H$3:$H$5000,"<>") -> 0 | EK13: =SUMIFS('Raw Data'!$N$3:$N$5000,'Raw Data'!$P$3:$P$5000,"W47",'Raw Data'!$H$3:$H$5000,"<>") -> 0 | EL13: =SUMIFS('Raw Data'!$E$3:$E$5000,'Raw Data'!$P$3:$P$5000,"W47",'Raw Data'!$H$3:$H$5000,"<>") -> 0 | EM13: =SUMIFS('Raw Data'!$M$3:$M$5000,'Raw Data'!$P$3:$P$5000,"W48",'Raw Data'!$H$3:$H$5000,"<>") -> 0 | EN13: =SUMIFS('Raw Data'!$N$3:$N$5000,'Raw Data'!$P$3:$P$5000,"W48",'Raw Data'!$H$3:$H$5000,"<>") -> 0 | EO13: =SUMIFS('Raw Data'!$E$3:$E$5000,'Raw Data'!$P$3:$P$5000,"W48",'Raw Data'!$H$3:$H$5000,"<>") -> 0 | EP13: =SUMIFS('Raw Data'!$M$3:$M$5000,'Raw Data'!$P$3:$P$5000,"W49",'Raw Data'!$H$3:$H$5000,"<>") -> 0 | EQ13: =SUMIFS('Raw Data'!$N$3:$N$5000,'Raw Data'!$P$3:$P$5000,"W49",'Raw Data'!$H$3:$H$5000,"<>") -> 0 | ER13: =SUMIFS('Raw Data'!$E$3:$E$5000,'Raw Data'!$P$3:$P$5000,"W49",'Raw Data'!$H$3:$H$5000,"<>") -> 0 | ES13: =SUMIFS('Raw Data'!$M$3:$M$5000,'Raw Data'!$P$3:$P$5000,"W50",'Raw Data'!$H$3:$H$5000,"<>") -> 0 | ET13: =SUMIFS('Raw Data'!$N$3:$N$5000,'Raw Data'!$P$3:$P$5000,"W50",'Raw Data'!$H$3:$H$5000,"<>") -> 0 | EU13: =SUMIFS('Raw Data'!$E$3:$E$5000,'Raw Data'!$P$3:$P$5000,"W50",'Raw Data'!$H$3:$H$5000,"<>") -> 0 | EV13: =SUMIFS('Raw Data'!$M$3:$M$5000,'Raw Data'!$P$3:$P$5000,"W51",'Raw Data'!$H$3:$H$5000,"<>") -> 0 | EW13: =SUMIFS('Raw Data'!$N$3:$N$5000,'Raw Data'!$P$3:$P$5000,"W51",'Raw Data'!$H$3:$H$5000,"<>") -> 0 | EX13: =SUMIFS('Raw Data'!$E$3:$E$5000,'Raw Data'!$P$3:$P$5000,"W51",'Raw Data'!$H$3:$H$5000,"<>") -> 0 | EY13: =SUMIFS('Raw Data'!$M$3:$M$5000,'Raw Data'!$P$3:$P$5000,"W52",'Raw Data'!$H$3:$H$5000,"<>") -> 0 | EZ13: =SUMIFS('Raw Data'!$N$3:$N$5000,'Raw Data'!$P$3:$P$5000,"W52",'Raw Data'!$H$3:$H$5000,"<>") -> 0 | FA13: =SUMIFS('Raw Data'!$E$3:$E$5000,'Raw Data'!$P$3:$P$5000,"W52",'Raw Data'!$H$3:$H$5000,"<>") -> 0 | FB13: =B13+E13+H13+K13+N13+Q13+T13+W13+Z13+AC13+AF13+AI13+AL13+AO13+AR13+AU13+AX13+BA13+BD13+BG13+BJ13+BM13+BP13+BS13+BV13+BY13+CB13+CE13+CH13+CK13+CN13+CQ13+CT13+CW13+CZ13+DC13+DF13+DI13+DL13+DO13+DR13+DU13+DX13+EA13+ED13+EG13+EJ13+EM13+EP13+ES13+EV13+EY13 -> 7341.1 | FC13: =C13+F13+I13+L13+O13+R13+U13+X13+AA13+AD13+AG13+AJ13+AM13+AP13+AS13+AV13+AY13+BB13+BE13+BH13+BK13+BN13+BQ13+BT13+BW13+BZ13+CC13+CF13+CI13+CL13+CO13+CR13+CU13+CX13+DA13+DD13+DG13+DJ13+DM13+DP13+DS13+DV13+DY13+EB13+EE13+EH13+EK13+EN13+EQ13+ET13+EW13+EZ13 -> 16155.92 | FD13: =D13+G13+J13+M13+P13+S13+V13+Y13+AB13+AE13+AH13+AK13+AN13+AQ13+AT13+AW13+AZ13+BC13+BF13+BI13+BL13+BO13+BR13+BU13+BX13+CA13+CD13+CG13+CJ13+CM13+CP13+CS13+CV13+CY13+DB13+DE13+DH13+DK13+DN13+DQ13+DT13+DW13+DZ13+EC13+EF13+EI13+EL13+EO13+ER13+EU13+EX13+FA13 -> 138
A14: DN Accepted (A) | B14: TBA | C14: TBA | D14: TBA | E14: TBA | F14: TBA | G14: TBA | H14: TBA | I14: TBA | J14: TBA | K14: TBA | L14: TBA | M14: TBA | N14: TBA | O14: TBA | P14: TBA | Q14: TBA | R14: TBA | S14: TBA | T14: TBA | U14: TBA | V14: TBA | W14: TBA | X14: TBA | Y14: TBA | Z14: 100 | AA14: 100 | AB14: TBA | AC14: TBA | AD14: TBA | AE14: TBA | AF14: TBA | AG14: TBA | AH14: TBA | AI14: TBA | AJ14: TBA | AK14: TBA | AL14: TBA | AM14: TBA | AN14: TBA | AO14: TBA | AP14: TBA | AQ14: TBA | AR14: TBA | AS14: TBA | AT14: TBA | AU14: TBA | AV14: TBA | AW14: TBA | AX14: TBA | AY14: TBA | AZ14: TBA | BA14: TBA | BB14: TBA | BC14: TBA | BD14: TBA | BE14: TBA | BF14: TBA | BG14: TBA | BH14: TBA | BI14: TBA | BJ14: TBA | BK14: TBA | BL14: TBA | BM14: TBA | BN14: TBA | BO14: TBA | BP14: TBA | BQ14: TBA | BR14: TBA | BS14: TBA | BT14: TBA | BU14: TBA | BV14: TBA | BW14: TBA | BX14: TBA | BY14: TBA | BZ14: TBA | CA14: TBA | CB14: TBA | CC14: TBA | CD14: TBA | CE14: TBA | CF14: TBA | CG14: TBA | CH14: TBA | CI14: TBA | CJ14: TBA | CK14: TBA | CL14: TBA | CM14: TBA | CN14: TBA | CO14: TBA | CP14: TBA | CQ14: TBA | CR14: TBA | CS14: TBA | CT14: TBA | CU14: TBA | CV14: TBA | CW14: TBA | CX14: TBA | CY14: TBA | CZ14: TBA | DA14: TBA | DB14: TBA | DC14: TBA | DD14: TBA | DE14: TBA | DF14: TBA | DG14: TBA | DH14: TBA | DI14: TBA | DJ14: TBA | DK14: TBA | DL14: TBA | DM14: TBA | DN14: TBA | DO14: TBA | DP14: TBA | DQ14: TBA | DR14: TBA | DS14: TBA | DT14: TBA | DU14: TBA | DV14: TBA | DW14: TBA | DX14: TBA | DY14: TBA | DZ14: TBA | EA14: TBA | EB14: TBA | EC14: TBA | ED14: TBA | EE14: TBA | EF14: TBA | EG14: TBA | EH14: TBA | EI14: TBA | EJ14: TBA | EK14: TBA | EL14: TBA | EM14: TBA | EN14: TBA | EO14: TBA | EP14: TBA | EQ14: TBA | ER14: TBA | ES14: TBA | ET14: TBA | EU14: TBA | EV14: TBA | EW14: TBA | EX14: TBA | EY14: TBA | EZ14: TBA | FA14: TBA | FB14: TBA | FC14: TBA | FD14: TBA
A16: Liquidation Value* (B) | B16: =SUMIFS('Raw Data'!$M$3:$M$5000,'Raw Data'!$P$3:$P$5000,"W1",'Raw Data'!$K$3:$K$5000,"Yes") -> 0 | C16: =SUMIFS('Raw Data'!$N$3:$N$5000,'Raw Data'!$P$3:$P$5000,"W1",'Raw Data'!$K$3:$K$5000,"Yes") -> 0 | D16: =SUMIFS('Raw Data'!$E$3:$E$5000,'Raw Data'!$P$3:$P$5000,"W1",'Raw Data'!$K$3:$K$5000,"Yes") -> 0 | E16: =SUMIFS('Raw Data'!$M$3:$M$5000,'Raw Data'!$P$3:$P$5000,"W2",'Raw Data'!$K$3:$K$5000,"Yes") -> 0 | F16: =SUMIFS('Raw Data'!$N$3:$N$5000,'Raw Data'!$P$3:$P$5000,"W2",'Raw Data'!$K$3:$K$5000,"Yes") -> 0 | G16: =SUMIFS('Raw Data'!$E$3:$E$5000,'Raw Data'!$P$3:$P$5000,"W2",'Raw Data'!$K$3:$K$5000,"Yes") -> 0 | H16: =SUMIFS('Raw Data'!$M$3:$M$5000,'Raw Data'!$P$3:$P$5000,"W3",'Raw Data'!$K$3:$K$5000,"Yes") -> 0 | I16: =SUMIFS('Raw Data'!$N$3:$N$5000,'Raw Data'!$P$3:$P$5000,"W3",'Raw Data'!$K$3:$K$5000,"Yes") -> 0 | J16: =SUMIFS('Raw Data'!$E$3:$E$5000,'Raw Data'!$P$3:$P$5000,"W3",'Raw Data'!$K$3:$K$5000,"Yes") -> 0 | K16: =SUMIFS('Raw Data'!$M$3:$M$5000,'Raw Data'!$P$3:$P$5000,"W4",'Raw Data'!$K$3:$K$5000,"Yes") -> 0 | L16: =SUMIFS('Raw Data'!$N$3:$N$5000,'Raw Data'!$P$3:$P$5000,"W4",'Raw Data'!$K$3:$K$5000,"Yes") -> 0 | M16: =SUMIFS('Raw Data'!$E$3:$E$5000,'Raw Data'!$P$3:$P$5000,"W4",'Raw Data'!$K$3:$K$5000,"Yes") -> 0 | N16: =SUMIFS('Raw Data'!$M$3:$M$5000,'Raw Data'!$P$3:$P$5000,"W5",'Raw Data'!$K$3:$K$5000,"Yes") -> 0 | O16: =SUMIFS('Raw Data'!$N$3:$N$5000,'Raw Data'!$P$3:$P$5000,"W5",'Raw Data'!$K$3:$K$5000,"Yes") -> 0 | P16: =SUMIFS('Raw Data'!$E$3:$E$5000,'Raw Data'!$P$3:$P$5000,"W5",'Raw Data'!$K$3:$K$5000,"Yes") -> 0 | Q16: =SUMIFS('Raw Data'!$M$3:$M$5000,'Raw Data'!$P$3:$P$5000,"W6",'Raw Data'!$K$3:$K$5000,"Yes") -> 0 | R16: =SUMIFS('Raw Data'!$N$3:$N$5000,'Raw Data'!$P$3:$P$5000,"W6",'Raw Data'!$K$3:$K$5000,"Yes") -> 0 | S16: =SUMIFS('Raw Data'!$E$3:$E$5000,'Raw Data'!$P$3:$P$5000,"W6",'Raw Data'!$K$3:$K$5000,"Yes") -> 0 | T16: =SUMIFS('Raw Data'!$M$3:$M$5000,'Raw Data'!$P$3:$P$5000,"W7",'Raw Data'!$K$3:$K$5000,"Yes") -> 0 | U16: =SUMIFS('Raw Data'!$N$3:$N$5000,'Raw Data'!$P$3:$P$5000,"W7",'Raw Data'!$K$3:$K$5000,"Yes") -> 0 | V16: =SUMIFS('Raw Data'!$E$3:$E$5000,'Raw Data'!$P$3:$P$5000,"W7",'Raw Data'!$K$3:$K$5000,"Yes") -> 0 | W16: =SUMIFS('Raw Data'!$M$3:$M$5000,'Raw Data'!$P$3:$P$5000,"W8",'Raw Data'!$K$3:$K$5000,"Yes") -> 0 | X16: =SUMIFS('Raw Data'!$N$3:$N$5000,'Raw Data'!$P$3:$P$5000,"W8",'Raw Data'!$K$3:$K$5000,"Yes") -> 0 | Y16: =SUMIFS('Raw Data'!$E$3:$E$5000,'Raw Data'!$P$3:$P$5000,"W8",'Raw Data'!$K$3:$K$5000,"Yes") -> 0 | Z16: =SUMIFS('Raw Data'!$M$3:$M$5000,'Raw Data'!$P$3:$P$5000,"W9",'Raw Data'!$K$3:$K$5000,"Yes") -> 1553 | AA16: =SUMIFS('Raw Data'!$N$3:$N$5000,'Raw Data'!$P$3:$P$5000,"W9",'Raw Data'!$K$3:$K$5000,"Yes") -> 3405 | AB16: =SUMIFS('Raw Data'!$E$3:$E$5000,'Raw Data'!$P$3:$P$5000,"W9",'Raw Data'!$K$3:$K$5000,"Yes") -> 19 | AC16: =SUMIFS('Raw Data'!$M$3:$M$5000,'Raw Data'!$P$3:$P$5000,"W10",'Raw Data'!$K$3:$K$5000,"Yes") -> 1046.86 | AD16: =SUMIFS('Raw Data'!$N$3:$N$5000,'Raw Data'!$P$3:$P$5000,"W10",'Raw Data'!$K$3:$K$5000,"Yes") -> 2315.57 | AE16: =SUMIFS('Raw Data'!$E$3:$E$5000,'Raw Data'!$P$3:$P$5000,"W10",'Raw Data'!$K$3:$K$5000,"Yes") -> 14 | AF16: =SUMIFS('Raw Data'!$M$3:$M$5000,'Raw Data'!$P$3:$P$5000,"W11",'Raw Data'!$K$3:$K$5000,"Yes") -> 4595 | AG16: =SUMIFS('Raw Data'!$N$3:$N$5000,'Raw Data'!$P$3:$P$5000,"W11",'Raw Data'!$K$3:$K$5000,"Yes") -> 9915 | AH16: =SUMIFS('Raw Data'!$E$3:$E$5000,'Raw Data'!$P$3:$P$5000,"W11",'Raw Data'!$K$3:$K$5000,"Yes") -> 104 | AI16: =SUMIFS('Raw Data'!$M$3:$M$5000,'Raw Data'!$P$3:$P$5000,"W12",'Raw Data'!$K$3:$K$5000,"Yes") -> 0 | AJ16: =SUMIFS('Raw Data'!$N$3:$N$5000,'Raw Data'!$P$3:$P$5000,"W12",'Raw Data'!$K$3:$K$5000,"Yes") -> 0 | AK16: =SUMIFS('Raw Data'!$E$3:$E$5000,'Raw Data'!$P$3:$P$5000,"W12",'Raw Data'!$K$3:$K$5000,"Yes") -> 0 | AL16: =SUMIFS('Raw Data'!$M$3:$M$5000,'Raw Data'!$P$3:$P$5000,"W13",'Raw Data'!$K$3:$K$5000,"Yes") -> 0 | AM16: =SUMIFS('Raw Data'!$N$3:$N$5000,'Raw Data'!$P$3:$P$5000,"W13",'Raw Data'!$K$3:$K$5000,"Yes") -> 0 | AN16: =SUMIFS('Raw Data'!$E$3:$E$5000,'Raw Data'!$P$3:$P$5000,"W13",'Raw Data'!$K$3:$K$5000,"Yes") -> 0 | AO16: =SUMIFS('Raw Data'!$M$3:$M$5000,'Raw Data'!$P$3:$P$5000,"W14",'Raw Data'!$K$3:$K$5000,"Yes") -> 0 | AP16: =SUMIFS('Raw Data'!$N$3:$N$5000,'Raw Data'!$P$3:$P$5000,"W14",'Raw Data'!$K$3:$K$5000,"Yes") -> 0 | AQ16: =SUMIFS('Raw Data'!$E$3:$E$5000,'Raw Data'!$P$3:$P$5000,"W14",'Raw Data'!$K$3:$K$5000,"Yes") -> 0 | AR16: =SUMIFS('Raw Data'!$M$3:$M$5000,'Raw Data'!$P$3:$P$5000,"W15",'Raw Data'!$K$3:$K$5000,"Yes") -> 0 | AS16: =SUMIFS('Raw Data'!$N$3:$N$5000,'Raw Data'!$P$3:$P$5000,"W15",'Raw Data'!$K$3:$K$5000,"Yes") -> 0 | AT16: =SUMIFS('Raw Data'!$E$3:$E$5000,'Raw Data'!$P$3:$P$5000,"W15",'Raw Data'!$K$3:$K$5000,"Yes") -> 0 | AU16: =SUMIFS('Raw Data'!$M$3:$M$5000,'Raw Data'!$P$3:$P$5000,"W16",'Raw Data'!$K$3:$K$5000,"Yes") -> 0 | AV16: =SUMIFS('Raw Data'!$N$3:$N$5000,'Raw Data'!$P$3:$P$5000,"W16",'Raw Data'!$K$3:$K$5000,"Yes") -> 0 | AW16: =SUMIFS('Raw Data'!$E$3:$E$5000,'Raw Data'!$P$3:$P$5000,"W16",'Raw Data'!$K$3:$K$5000,"Yes") -> 0 | AX16: =SUMIFS('Raw Data'!$M$3:$M$5000,'Raw Data'!$P$3:$P$5000,"W17",'Raw Data'!$K$3:$K$5000,"Yes") -> 0 | AY16: =SUMIFS('Raw Data'!$N$3:$N$5000,'Raw Data'!$P$3:$P$5000,"W17",'Raw Data'!$K$3:$K$5000,"Yes") -> 0 | AZ16: =SUMIFS('Raw Data'!$E$3:$E$5000,'Raw Data'!$P$3:$P$5000,"W17",'Raw Data'!$K$3:$K$5000,"Yes") -> 0 | BA16: =SUMIFS('Raw Data'!$M$3:$M$5000,'Raw Data'!$P$3:$P$5000,"W18",'Raw Data'!$K$3:$K$5000,"Yes") -> 0 | BB16: =SUMIFS('Raw Data'!$N$3:$N$5000,'Raw Data'!$P$3:$P$5000,"W18",'Raw Data'!$K$3:$K$5000,"Yes") -> 0 | BC16: =SUMIFS('Raw Data'!$E$3:$E$5000,'Raw Data'!$P$3:$P$5000,"W18",'Raw Data'!$K$3:$K$5000,"Yes") -> 0 | BD16: =SUMIFS('Raw Data'!$M$3:$M$5000,'Raw Data'!$P$3:$P$5000,"W19",'Raw Data'!$K$3:$K$5000,"Yes") -> 0 | BE16: =SUMIFS('Raw Data'!$N$3:$N$5000,'Raw Data'!$P$3:$P$5000,"W19",'Raw Data'!$K$3:$K$5000,"Yes") -> 0 | BF16: =SUMIFS('Raw Data'!$E$3:$E$5000,'Raw Data'!$P$3:$P$5000,"W19",'Raw Data'!$K$3:$K$5000,"Yes") -> 0 | BG16: =SUMIFS('Raw Data'!$M$3:$M$5000,'Raw Data'!$P$3:$P$5000,"W20",'Raw Data'!$K$3:$K$5000,"Yes") -> 0 | BH16: =SUMIFS('Raw Data'!$N$3:$N$5000,'Raw Data'!$P$3:$P$5000,"W20",'Raw Data'!$K$3:$K$5000,"Yes") -> 0 | BI16: =SUMIFS('Raw Data'!$E$3:$E$5000,'Raw Data'!$P$3:$P$5000,"W20",'Raw Data'!$K$3:$K$5000,"Yes") -> 0 | BJ16: =SUMIFS('Raw Data'!$M$3:$M$5000,'Raw Data'!$P$3:$P$5000,"W21",'Raw Data'!$K$3:$K$5000,"Yes") -> 0 | BK16: =SUMIFS('Raw Data'!$N$3:$N$5000,'Raw Data'!$P$3:$P$5000,"W21",'Raw Data'!$K$3:$K$5000,"Yes") -> 0 | BL16: =SUMIFS('Raw Data'!$E$3:$E$5000,'Raw Data'!$P$3:$P$5000,"W21",'Raw Data'!$K$3:$K$5000,"Yes") -> 0 | BM16: =SUMIFS('Raw Data'!$M$3:$M$5000,'Raw Data'!$P$3:$P$5000,"W22",'Raw Data'!$K$3:$K$5000,"Yes") -> 0 | BN16: =SUMIFS('Raw Data'!$N$3:$N$5000,'Raw Data'!$P$3:$P$5000,"W22",'Raw Data'!$K$3:$K$5000,"Yes") -> 0 | BO16: =SUMIFS('Raw Data'!$E$3:$E$5000,'Raw Data'!$P$3:$P$5000,"W22",'Raw Data'!$K$3:$K$5000,"Yes") -> 0 | BP16: =SUMIFS('Raw Data'!$M$3:$M$5000,'Raw Data'!$P$3:$P$5000,"W23",'Raw Data'!$K$3:$K$5000,"Yes") -> 0 | BQ16: =SUMIFS('Raw Data'!$N$3:$N$5000,'Raw Data'!$P$3:$P$5000,"W23",'Raw Data'!$K$3:$K$5000,"Yes") -> 0 | BR16: =SUMIFS('Raw Data'!$E$3:$E$5000,'Raw Data'!$P$3:$P$5000,"W23",'Raw Data'!$K$3:$K$5000,"Yes") -> 0 | BS16: =SUMIFS('Raw Data'!$M$3:$M$5000,'Raw Data'!$P$3:$P$5000,"W24",'Raw Data'!$K$3:$K$5000,"Yes") -> 0 | BT16: =SUMIFS('Raw Data'!$N$3:$N$5000,'Raw Data'!$P$3:$P$5000,"W24",'Raw Data'!$K$3:$K$5000,"Yes") -> 0 | BU16: =SUMIFS('Raw Data'!$E$3:$E$5000,'Raw Data'!$P$3:$P$5000,"W24",'Raw Data'!$K$3:$K$5000,"Yes") -> 0 | BV16: =SUMIFS('Raw Data'!$M$3:$M$5000,'Raw Data'!$P$3:$P$5000,"W25",'Raw Data'!$K$3:$K$5000,"Yes") -> 0 | BW16: =SUMIFS('Raw Data'!$N$3:$N$5000,'Raw Data'!$P$3:$P$5000,"W25",'Raw Data'!$K$3:$K$5000,"Yes") -> 0 | BX16: =SUMIFS('Raw Data'!$E$3:$E$5000,'Raw Data'!$P$3:$P$5000,"W25",'Raw Data'!$K$3:$K$5000,"Yes") -> 0 | BY16: =SUMIFS('Raw Data'!$M$3:$M$5000,'Raw Data'!$P$3:$P$5000,"W26",'Raw Data'!$K$3:$K$5000,"Yes") -> 0 | BZ16: =SUMIFS('Raw Data'!$N$3:$N$5000,'Raw Data'!$P$3:$P$5000,"W26",'Raw Data'!$K$3:$K$5000,"Yes") -> 0 | CA16: =SUMIFS('Raw Data'!$E$3:$E$5000,'Raw Data'!$P$3:$P$5000,"W26",'Raw Data'!$K$3:$K$5000,"Yes") -> 0 | CB16: =SUMIFS('Raw Data'!$M$3:$M$5000,'Raw Data'!$P$3:$P$5000,"W27",'Raw Data'!$K$3:$K$5000,"Yes") -> 0 | CC16: =SUMIFS('Raw Data'!$N$3:$N$5000,'Raw Data'!$P$3:$P$5000,"W27",'Raw Data'!$K$3:$K$5000,"Yes") -> 0 | CD16: =SUMIFS('Raw Data'!$E$3:$E$5000,'Raw Data'!$P$3:$P$5000,"W27",'Raw Data'!$K$3:$K$5000,"Yes") -> 0 | CE16: =SUMIFS('Raw Data'!$M$3:$M$5000,'Raw Data'!$P$3:$P$5000,"W28",'Raw Data'!$K$3:$K$5000,"Yes") -> 0 | CF16: =SUMIFS('Raw Data'!$N$3:$N$5000,'Raw Data'!$P$3:$P$5000,"W28",'Raw Data'!$K$3:$K$5000,"Yes") -> 0 | CG16: =SUMIFS('Raw Data'!$E$3:$E$5000,'Raw Data'!$P$3:$P$5000,"W28",'Raw Data'!$K$3:$K$5000,"Yes") -> 0 | CH16: =SUMIFS('Raw Data'!$M$3:$M$5000,'Raw Data'!$P$3:$P$5000,"W29",'Raw Data'!$K$3:$K$5000,"Yes") -> 0 | CI16: =SUMIFS('Raw Data'!$N$3:$N$5000,'Raw Data'!$P$3:$P$5000,"W29",'Raw Data'!$K$3:$K$5000,"Yes") -> 0 | CJ16: =SUMIFS('Raw Data'!$E$3:$E$5000,'Raw Data'!$P$3:$P$5000,"W29",'Raw Data'!$K$3:$K$5000,"Yes") -> 0 | CK16: =SUMIFS('Raw Data'!$M$3:$M$5000,'Raw Data'!$P$3:$P$5000,"W30",'Raw Data'!$K$3:$K$5000,"Yes") -> 0 | CL16: =SUMIFS('Raw Data'!$N$3:$N$5000,'Raw Data'!$P$3:$P$5000,"W30",'Raw Data'!$K$3:$K$5000,"Yes") -> 0 | CM16: =SUMIFS('Raw Data'!$E$3:$E$5000,'Raw Data'!$P$3:$P$5000,"W30",'Raw Data'!$K$3:$K$5000,"Yes") -> 0 | CN16: =SUMIFS('Raw Data'!$M$3:$M$5000,'Raw Data'!$P$3:$P$5000,"W31",'Raw Data'!$K$3:$K$5000,"Yes") -> 0 | CO16: =SUMIFS('Raw Data'!$N$3:$N$5000,'Raw Data'!$P$3:$P$5000,"W31",'Raw Data'!$K$3:$K$5000,"Yes") -> 0 | CP16: =SUMIFS('Raw Data'!$E$3:$E$5000,'Raw Data'!$P$3:$P$5000,"W31",'Raw Data'!$K$3:$K$5000,"Yes") -> 0 | CQ16: =SUMIFS('Raw Data'!$M$3:$M$5000,'Raw Data'!$P$3:$P$5000,"W32",'Raw Data'!$K$3:$K$5000,"Yes") -> 0 | CR16: =SUMIFS('Raw Data'!$N$3:$N$5000,'Raw Data'!$P$3:$P$5000,"W32",'Raw Data'!$K$3:$K$5000,"Yes") -> 0 | CS16: =SUMIFS('Raw Data'!$E$3:$E$5000,'Raw Data'!$P$3:$P$5000,"W32",'Raw Data'!$K$3:$K$5000,"Yes") -> 0 | CT16: =SUMIFS('Raw Data'!$M$3:$M$5000,'Raw Data'!$P$3:$P$5000,"W33",'Raw Data'!$K$3:$K$5000,"Yes") -> 0 | CU16: =SUMIFS('Raw Data'!$N$3:$N$5000,'Raw Data'!$P$3:$P$5000,"W33",'Raw Data'!$K$3:$K$5000,"Yes") -> 0 | CV16: =SUMIFS('Raw Data'!$E$3:$E$5000,'Raw Data'!$P$3:$P$5000,"W33",'Raw Data'!$K$3:$K$5000,"Yes") -> 0 | CW16: =SUMIFS('Raw Data'!$M$3:$M$5000,'Raw Data'!$P$3:$P$5000,"W34",'Raw Data'!$K$3:$K$5000,"Yes") -> 0 | CX16: =SUMIFS('Raw Data'!$N$3:$N$5000,'Raw Data'!$P$3:$P$5000,"W34",'Raw Data'!$K$3:$K$5000,"Yes") -> 0 | CY16: =SUMIFS('Raw Data'!$E$3:$E$5000,'Raw Data'!$P$3:$P$5000,"W34",'Raw Data'!$K$3:$K$5000,"Yes") -> 0 | CZ16: =SUMIFS('Raw Data'!$M$3:$M$5000,'Raw Data'!$P$3:$P$5000,"W35",'Raw Data'!$K$3:$K$5000,"Yes") -> 0 | DA16: =SUMIFS('Raw Data'!$N$3:$N$5000,'Raw Data'!$P$3:$P$5000,"W35",'Raw Data'!$K$3:$K$5000,"Yes") -> 0 | DB16: =SUMIFS('Raw Data'!$E$3:$E$5000,'Raw Data'!$P$3:$P$5000,"W35",'Raw Data'!$K$3:$K$5000,"Yes") -> 0 | DC16: =SUMIFS('Raw Data'!$M$3:$M$5000,'Raw Data'!$P$3:$P$5000,"W36",'Raw Data'!$K$3:$K$5000,"Yes") -> 0 | DD16: =SUMIFS('Raw Data'!$N$3:$N$5000,'Raw Data'!$P$3:$P$5000,"W36",'Raw Data'!$K$3:$K$5000,"Yes") -> 0 | DE16: =SUMIFS('Raw Data'!$E$3:$E$5000,'Raw Data'!$P$3:$P$5000,"W36",'Raw Data'!$K$3:$K$5000,"Yes") -> 0 | DF16: =SUMIFS('Raw Data'!$M$3:$M$5000,'Raw Data'!$P$3:$P$5000,"W37",'Raw Data'!$K$3:$K$5000,"Yes") -> 0 | DG16: =SUMIFS('Raw Data'!$N$3:$N$5000,'Raw Data'!$P$3:$P$5000,"W37",'Raw Data'!$K$3:$K$5000,"Yes") -> 0 | DH16: =SUMIFS('Raw Data'!$E$3:$E$5000,'Raw Data'!$P$3:$P$5000,"W37",'Raw Data'!$K$3:$K$5000,"Yes") -> 0 | DI16: =SUMIFS('Raw Data'!$M$3:$M$5000,'Raw Data'!$P$3:$P$5000,"W38",'Raw Data'!$K$3:$K$5000,"Yes") -> 0 | DJ16: =SUMIFS('Raw Data'!$N$3:$N$5000,'Raw Data'!$P$3:$P$5000,"W38",'Raw Data'!$K$3:$K$5000,"Yes") -> 0 | DK16: =SUMIFS('Raw Data'!$E$3:$E$5000,'Raw Data'!$P$3:$P$5000,"W38",'Raw Data'!$K$3:$K$5000,"Yes") -> 0 | DL16: =SUMIFS('Raw Data'!$M$3:$M$5000,'Raw Data'!$P$3:$P$5000,"W39",'Raw Data'!$K$3:$K$5000,"Yes") -> 0 | DM16: =SUMIFS('Raw Data'!$N$3:$N$5000,'Raw Data'!$P$3:$P$5000,"W39",'Raw Data'!$K$3:$K$5000,"Yes") -> 0 | DN16: =SUMIFS('Raw Data'!$E$3:$E$5000,'Raw Data'!$P$3:$P$5000,"W39",'Raw Data'!$K$3:$K$5000,"Yes") -> 0 | DO16: =SUMIFS('Raw Data'!$M$3:$M$5000,'Raw Data'!$P$3:$P$5000,"W40",'Raw Data'!$K$3:$K$5000,"Yes") -> 0 | DP16: =SUMIFS('Raw Data'!$N$3:$N$5000,'Raw Data'!$P$3:$P$5000,"W40",'Raw Data'!$K$3:$K$5000,"Yes") -> 0 | DQ16: =SUMIFS('Raw Data'!$E$3:$E$5000,'Raw Data'!$P$3:$P$5000,"W40",'Raw Data'!$K$3:$K$5000,"Yes") -> 0 | DR16: =SUMIFS('Raw Data'!$M$3:$M$5000,'Raw Data'!$P$3:$P$5000,"W41",'Raw Data'!$K$3:$K$5000,"Yes") -> 0 | DS16: =SUMIFS('Raw Data'!$N$3:$N$5000,'Raw Data'!$P$3:$P$5000,"W41",'Raw Data'!$K$3:$K$5000,"Yes") -> 0 | DT16: =SUMIFS('Raw Data'!$E$3:$E$5000,'Raw Data'!$P$3:$P$5000,"W41",'Raw Data'!$K$3:$K$5000,"Yes") -> 0 | DU16: =SUMIFS('Raw Data'!$M$3:$M$5000,'Raw Data'!$P$3:$P$5000,"W42",'Raw Data'!$K$3:$K$5000,"Yes") -> 0 | DV16: =SUMIFS('Raw Data'!$N$3:$N$5000,'Raw Data'!$P$3:$P$5000,"W42",'Raw Data'!$K$3:$K$5000,"Yes") -> 0 | DW16: =SUMIFS('Raw Data'!$E$3:$E$5000,'Raw Data'!$P$3:$P$5000,"W42",'Raw Data'!$K$3:$K$5000,"Yes") -> 0 | DX16: =SUMIFS('Raw Data'!$M$3:$M$5000,'Raw Data'!$P$3:$P$5000,"W43",'Raw Data'!$K$3:$K$5000,"Yes") -> 0 | DY16: =SUMIFS('Raw Data'!$N$3:$N$5000,'Raw Data'!$P$3:$P$5000,"W43",'Raw Data'!$K$3:$K$5000,"Yes") -> 0 | DZ16: =SUMIFS('Raw Data'!$E$3:$E$5000,'Raw Data'!$P$3:$P$5000,"W43",'Raw Data'!$K$3:$K$5000,"Yes") -> 0 | EA16: =SUMIFS('Raw Data'!$M$3:$M$5000,'Raw Data'!$P$3:$P$5000,"W44",'Raw Data'!$K$3:$K$5000,"Yes") -> 0 | EB16: =SUMIFS('Raw Data'!$N$3:$N$5000,'Raw Data'!$P$3:$P$5000,"W44",'Raw Data'!$K$3:$K$5000,"Yes") -> 0 | EC16: =SUMIFS('Raw Data'!$E$3:$E$5000,'Raw Data'!$P$3:$P$5000,"W44",'Raw Data'!$K$3:$K$5000,"Yes") -> 0 | ED16: =SUMIFS('Raw Data'!$M$3:$M$5000,'Raw Data'!$P$3:$P$5000,"W45",'Raw Data'!$K$3:$K$5000,"Yes") -> 0 | EE16: =SUMIFS('Raw Data'!$N$3:$N$5000,'Raw Data'!$P$3:$P$5000,"W45",'Raw Data'!$K$3:$K$5000,"Yes") -> 0 | EF16: =SUMIFS('Raw Data'!$E$3:$E$5000,'Raw Data'!$P$3:$P$5000,"W45",'Raw Data'!$K$3:$K$5000,"Yes") -> 0 | EG16: =SUMIFS('Raw Data'!$M$3:$M$5000,'Raw Data'!$P$3:$P$5000,"W46",'Raw Data'!$K$3:$K$5000,"Yes") -> 0 | EH16: =SUMIFS('Raw Data'!$N$3:$N$5000,'Raw Data'!$P$3:$P$5000,"W46",'Raw Data'!$K$3:$K$5000,"Yes") -> 0 | EI16: =SUMIFS('Raw Data'!$E$3:$E$5000,'Raw Data'!$P$3:$P$5000,"W46",'Raw Data'!$K$3:$K$5000,"Yes") -> 0 | EJ16: =SUMIFS('Raw Data'!$M$3:$M$5000,'Raw Data'!$P$3:$P$5000,"W47",'Raw Data'!$K$3:$K$5000,"Yes") -> 0 | EK16: =SUMIFS('Raw Data'!$N$3:$N$5000,'Raw Data'!$P$3:$P$5000,"W47",'Raw Data'!$K$3:$K$5000,"Yes") -> 0 | EL16: =SUMIFS('Raw Data'!$E$3:$E$5000,'Raw Data'!$P$3:$P$5000,"W47",'Raw Data'!$K$3:$K$5000,"Yes") -> 0 | EM16: =SUMIFS('Raw Data'!$M$3:$M$5000,'Raw Data'!$P$3:$P$5000,"W48",'Raw Data'!$K$3:$K$5000,"Yes") -> 0 | EN16: =SUMIFS('Raw Data'!$N$3:$N$5000,'Raw Data'!$P$3:$P$5000,"W48",'Raw Data'!$K$3:$K$5000,"Yes") -> 0 | EO16: =SUMIFS('Raw Data'!$E$3:$E$5000,'Raw Data'!$P$3:$P$5000,"W48",'Raw Data'!$K$3:$K$5000,"Yes") -> 0 | EP16: =SUMIFS('Raw Data'!$M$3:$M$5000,'Raw Data'!$P$3:$P$5000,"W49",'Raw Data'!$K$3:$K$5000,"Yes") -> 0 | EQ16: =SUMIFS('Raw Data'!$N$3:$N$5000,'Raw Data'!$P$3:$P$5000,"W49",'Raw Data'!$K$3:$K$5000,"Yes") -> 0 | ER16: =SUMIFS('Raw Data'!$E$3:$E$5000,'Raw Data'!$P$3:$P$5000,"W49",'Raw Data'!$K$3:$K$5000,"Yes") -> 0 | ES16: =SUMIFS('Raw Data'!$M$3:$M$5000,'Raw Data'!$P$3:$P$5000,"W50",'Raw Data'!$K$3:$K$5000,"Yes") -> 0 | ET16: =SUMIFS('Raw Data'!$N$3:$N$5000,'Raw Data'!$P$3:$P$5000,"W50",'Raw Data'!$K$3:$K$5000,"Yes") -> 0 | EU16: =SUMIFS('Raw Data'!$E$3:$E$5000,'Raw Data'!$P$3:$P$5000,"W50",'Raw Data'!$K$3:$K$5000,"Yes") -> 0 | EV16: =SUMIFS('Raw Data'!$M$3:$M$5000,'Raw Data'!$P$3:$P$5000,"W51",'Raw Data'!$K$3:$K$5000,"Yes") -> 0 | EW16: =SUMIFS('Raw Data'!$N$3:$N$5000,'Raw Data'!$P$3:$P$5000,"W51",'Raw Data'!$K$3:$K$5000,"Yes") -> 0 | EX16: =SUMIFS('Raw Data'!$E$3:$E$5000,'Raw Data'!$P$3:$P$5000,"W51",'Raw Data'!$K$3:$K$5000,"Yes") -> 0 | EY16: =SUMIFS('Raw Data'!$M$3:$M$5000,'Raw Data'!$P$3:$P$5000,"W52",'Raw Data'!$K$3:$K$5000,"Yes") -> 0 | EZ16: =SUMIFS('Raw Data'!$N$3:$N$5000,'Raw Data'!$P$3:$P$5000,"W52",'Raw Data'!$K$3:$K$5000,"Yes") -> 0 | FA16: =SUMIFS('Raw Data'!$E$3:$E$5000,'Raw Data'!$P$3:$P$5000,"W52",'Raw Data'!$K$3:$K$5000,"Yes") -> 0 | FB16: =B16+E16+H16+K16+N16+Q16+T16+W16+Z16+AC16+AF16+AI16+AL16+AO16+AR16+AU16+AX16+BA16+BD16+BG16+BJ16+BM16+BP16+BS16+BV16+BY16+CB16+CE16+CH16+CK16+CN16+CQ16+CT16+CW16+CZ16+DC16+DF16+DI16+DL16+DO16+DR16+DU16+DX16+EA16+ED16+EG16+EJ16+EM16+EP16+ES16+EV16+EY16 -> 7194.86 | FC16: =C16+F16+I16+L16+O16+R16+U16+X16+AA16+AD16+AG16+AJ16+AM16+AP16+AS16+AV16+AY16+BB16+BE16+BH16+BK16+BN16+BQ16+BT16+BW16+BZ16+CC16+CF16+CI16+CL16+CO16+CR16+CU16+CX16+DA16+DD16+DG16+DJ16+DM16+DP16+DS16+DV16+DY16+EB16+EE16+EH16+EK16+EN16+EQ16+ET16+EW16+EZ16 -> 15635.57 | FD16: =D16+G16+J16+M16+P16+S16+V16+Y16+AB16+AE16+AH16+AK16+AN16+AQ16+AT16+AW16+AZ16+BC16+BF16+BI16+BL16+BO16+BR16+BU16+BX16+CA16+CD16+CG16+CJ16+CM16+CP16+CS16+CV16+CY16+DB16+DE16+DH16+DK16+DN16+DQ16+DT16+DW16+DZ16+EC16+EF16+EI16+EL16+EO16+ER16+EU16+EX16+FA16 -> 137
A18: DN Factories | B18: =SUMIFS('Raw Data'!$M$3:$M$5000,'Raw Data'!$P$3:$P$5000,"W1",'Raw Data'!$S$3:$S$5000,"<>") -> 0 | C18: =SUMIFS('Raw Data'!$N$3:$N$5000,'Raw Data'!$P$3:$P$5000,"W1",'Raw Data'!$S$3:$S$5000,"<>") -> 0 | D18: =SUMIFS('Raw Data'!$E$3:$E$5000,'Raw Data'!$P$3:$P$5000,"W1",'Raw Data'!$S$3:$S$5000,"<>") -> 0 | E18: =SUMIFS('Raw Data'!$M$3:$M$5000,'Raw Data'!$P$3:$P$5000,"W2",'Raw Data'!$S$3:$S$5000,"<>") -> 0 | F18: =SUMIFS('Raw Data'!$N$3:$N$5000,'Raw Data'!$P$3:$P$5000,"W2",'Raw Data'!$S$3:$S$5000,"<>") -> 0 | G18: =SUMIFS('Raw Data'!$E$3:$E$5000,'Raw Data'!$P$3:$P$5000,"W2",'Raw Data'!$S$3:$S$5000,"<>") -> 0 | H18: =SUMIFS('Raw Data'!$M$3:$M$5000,'Raw Data'!$P$3:$P$5000,"W3",'Raw Data'!$S$3:$S$5000,"<>") -> 0 | I18: =SUMIFS('Raw Data'!$N$3:$N$5000,'Raw Data'!$P$3:$P$5000,"W3",'Raw Data'!$S$3:$S$5000,"<>") -> 0 | J18: =SUMIFS('Raw Data'!$E$3:$E$5000,'Raw Data'!$P$3:$P$5000,"W3",'Raw Data'!$S$3:$S$5000,"<>") -> 0 | K18: =SUMIFS('Raw Data'!$M$3:$M$5000,'Raw Data'!$P$3:$P$5000,"W4",'Raw Data'!$S$3:$S$5000,"<>") -> 0 | L18: =SUMIFS('Raw Data'!$N$3:$N$5000,'Raw Data'!$P$3:$P$5000,"W4",'Raw Data'!$S$3:$S$5000,"<>") -> 0 | M18: =SUMIFS('Raw Data'!$E$3:$E$5000,'Raw Data'!$P$3:$P$5000,"W4",'Raw Data'!$S$3:$S$5000,"<>") -> 0 | N18: =SUMIFS('Raw Data'!$M$3:$M$5000,'Raw Data'!$P$3:$P$5000,"W5",'Raw Data'!$S$3:$S$5000,"<>") -> 0 | O18: =SUMIFS('Raw Data'!$N$3:$N$5000,'Raw Data'!$P$3:$P$5000,"W5",'Raw Data'!$S$3:$S$5000,"<>") -> 0 | P18: =SUMIFS('Raw Data'!$E$3:$E$5000,'Raw Data'!$P$3:$P$5000,"W5",'Raw Data'!$S$3:$S$5000,"<>") -> 0 | Q18: =SUMIFS('Raw Data'!$M$3:$M$5000,'Raw Data'!$P$3:$P$5000,"W6",'Raw Data'!$S$3:$S$5000,"<>") -> 0 | R18: =SUMIFS('Raw Data'!$N$3:$N$5000,'Raw Data'!$P$3:$P$5000,"W6",'Raw Data'!$S$3:$S$5000,"<>") -> 0 | S18: =SUMIFS('Raw Data'!$E$3:$E$5000,'Raw Data'!$P$3:$P$5000,"W6",'Raw Data'!$S$3:$S$5000,"<>") -> 0 | T18: =SUMIFS('Raw Data'!$M$3:$M$5000,'Raw Data'!$P$3:$P$5000,"W7",'Raw Data'!$S$3:$S$5000,"<>") -> 0 | U18: =SUMIFS('Raw Data'!$N$3:$N$5000,'Raw Data'!$P$3:$P$5000,"W7",'Raw Data'!$S$3:$S$5000,"<>") -> 0 | V18: =SUMIFS('Raw Data'!$E$3:$E$5000,'Raw Data'!$P$3:$P$5000,"W7",'Raw Data'!$S$3:$S$5000,"<>") -> 0 | W18: =SUMIFS('Raw Data'!$M$3:$M$5000,'Raw Data'!$P$3:$P$5000,"W8",'Raw Data'!$S$3:$S$5000,"<>") -> 0 | X18: =SUMIFS('Raw Data'!$N$3:$N$5000,'Raw Data'!$P$3:$P$5000,"W8",'Raw Data'!$S$3:$S$5000,"<>") -> 0 | Y18: =SUMIFS('Raw Data'!$E$3:$E$5000,'Raw Data'!$P$3:$P$5000,"W8",'Raw Data'!$S$3:$S$5000,"<>") -> 0 | Z18: =SUMIFS('Raw Data'!$M$3:$M$5000,'Raw Data'!$P$3:$P$5000,"W9",'Raw Data'!$S$3:$S$5000,"<>") -> 0 | AA18: =SUMIFS('Raw Data'!$N$3:$N$5000,'Raw Data'!$P$3:$P$5000,"W9",'Raw Data'!$S$3:$S$5000,"<>") -> 0 | AB18: =SUMIFS('Raw Data'!$E$3:$E$5000,'Raw Data'!$P$3:$P$5000,"W9",'Raw Data'!$S$3:$S$5000,"<>") -> 0 | AC18: =SUMIFS('Raw Data'!$M$3:$M$5000,'Raw Data'!$P$3:$P$5000,"W10",'Raw Data'!$S$3:$S$5000,"<>") -> 553.96 | AD18: =SUMIFS('Raw Data'!$N$3:$N$5000,'Raw Data'!$P$3:$P$5000,"W10",'Raw Data'!$S$3:$S$5000,"<>") -> 1178.62 | AE18: =SUMIFS('Raw Data'!$E$3:$E$5000,'Raw Data'!$P$3:$P$5000,"W10",'Raw Data'!$S$3:$S$5000,"<>") -> 6 | AF18: =SUMIFS('Raw Data'!$M$3:$M$5000,'Raw Data'!$P$3:$P$5000,"W11",'Raw Data'!$S$3:$S$5000,"<>") -> 0 | AG18: =SUMIFS('Raw Data'!$N$3:$N$5000,'Raw Data'!$P$3:$P$5000,"W11",'Raw Data'!$S$3:$S$5000,"<>") -> 0 | AH18: =SUMIFS('Raw Data'!$E$3:$E$5000,'Raw Data'!$P$3:$P$5000,"W11",'Raw Data'!$S$3:$S$5000,"<>") -> 0 | AI18: =SUMIFS('Raw Data'!$M$3:$M$5000,'Raw Data'!$P$3:$P$5000,"W12",'Raw Data'!$S$3:$S$5000,"<>") -> 0 | AJ18: =SUMIFS('Raw Data'!$N$3:$N$5000,'Raw Data'!$P$3:$P$5000,"W12",'Raw Data'!$S$3:$S$5000,"<>") -> 0 | AK18: =SUMIFS('Raw Data'!$E$3:$E$5000,'Raw Data'!$P$3:$P$5000,"W12",'Raw Data'!$S$3:$S$5000,"<>") -> 0 | AL18: =SUMIFS('Raw Data'!$M$3:$M$5000,'Raw Data'!$P$3:$P$5000,"W13",'Raw Data'!$S$3:$S$5000,"<>") -> 0 | AM18: =SUMIFS('Raw Data'!$N$3:$N$5000,'Raw Data'!$P$3:$P$5000,"W13",'Raw Data'!$S$3:$S$5000,"<>") -> 0 | AN18: =SUMIFS('Raw Data'!$E$3:$E$5000,'Raw Data'!$P$3:$P$5000,"W13",'Raw Data'!$S$3:$S$5000,"<>") -> 0 | AO18: =SUMIFS('Raw Data'!$M$3:$M$5000,'Raw Data'!$P$3:$P$5000,"W14",'Raw Data'!$S$3:$S$5000,"<>") -> 0 | AP18: =SUMIFS('Raw Data'!$N$3:$N$5000,'Raw Data'!$P$3:$P$5000,"W14",'Raw Data'!$S$3:$S$5000,"<>") -> 0 | AQ18: =SUMIFS('Raw Data'!$E$3:$E$5000,'Raw Data'!$P$3:$P$5000,"W14",'Raw Data'!$S$3:$S$5000,"<>") -> 0 | AR18: =SUMIFS('Raw Data'!$M$3:$M$5000,'Raw Data'!$P$3:$P$5000,"W15",'Raw Data'!$S$3:$S$5000,"<>") -> 0 | AS18: =SUMIFS('Raw Data'!$N$3:$N$5000,'Raw Data'!$P$3:$P$5000,"W15",'Raw Data'!$S$3:$S$5000,"<>") -> 0 | AT18: =SUMIFS('Raw Data'!$E$3:$E$5000,'Raw Data'!$P$3:$P$5000,"W15",'Raw Data'!$S$3:$S$5000,"<>") -> 0 | AU18: =SUMIFS('Raw Data'!$M$3:$M$5000,'Raw Data'!$P$3:$P$5000,"W16",'Raw Data'!$S$3:$S$5000,"<>") -> 0 | AV18: =SUMIFS('Raw Data'!$N$3:$N$5000,'Raw Data'!$P$3:$P$5000,"W16",'Raw Data'!$S$3:$S$5000,"<>") -> 0 | AW18: =SUMIFS('Raw Data'!$E$3:$E$5000,'Raw Data'!$P$3:$P$5000,"W16",'Raw Data'!$S$3:$S$5000,"<>") -> 0 | AX18: =SUMIFS('Raw Data'!$M$3:$M$5000,'Raw Data'!$P$3:$P$5000,"W17",'Raw Data'!$S$3:$S$5000,"<>") -> 0 | AY18: =SUMIFS('Raw Data'!$N$3:$N$5000,'Raw Data'!$P$3:$P$5000,"W17",'Raw Data'!$S$3:$S$5000,"<>") -> 0 | AZ18: =SUMIFS('Raw Data'!$E$3:$E$5000,'Raw Data'!$P$3:$P$5000,"W17",'Raw Data'!$S$3:$S$5000,"<>") -> 0 | BA18: =SUMIFS('Raw Data'!$M$3:$M$5000,'Raw Data'!$P$3:$P$5000,"W18",'Raw Data'!$S$3:$S$5000,"<>") -> 0 | BB18: =SUMIFS('Raw Data'!$N$3:$N$5000,'Raw Data'!$P$3:$P$5000,"W18",'Raw Data'!$S$3:$S$5000,"<>") -> 0 | BC18: =SUMIFS('Raw Data'!$E$3:$E$5000,'Raw Data'!$P$3:$P$5000,"W18",'Raw Data'!$S$3:$S$5000,"<>") -> 0 | BD18: =SUMIFS('Raw Data'!$M$3:$M$5000,'Raw Data'!$P$3:$P$5000,"W19",'Raw Data'!$S$3:$S$5000,"<>") -> 0 | BE18: =SUMIFS('Raw Data'!$N$3:$N$5000,'Raw Data'!$P$3:$P$5000,"W19",'Raw Data'!$S$3:$S$5000,"<>") -> 0 | BF18: =SUMIFS('Raw Data'!$E$3:$E$5000,'Raw Data'!$P$3:$P$5000,"W19",'Raw Data'!$S$3:$S$5000,"<>") -> 0 | BG18: =SUMIFS('Raw Data'!$M$3:$M$5000,'Raw Data'!$P$3:$P$5000,"W20",'Raw Data'!$S$3:$S$5000,"<>") -> 0 | BH18: =SUMIFS('Raw Data'!$N$3:$N$5000,'Raw Data'!$P$3:$P$5000,"W20",'Raw Data'!$S$3:$S$5000,"<>") -> 0 | BI18: =SUMIFS('Raw Data'!$E$3:$E$5000,'Raw Data'!$P$3:$P$5000,"W20",'Raw Data'!$S$3:$S$5000,"<>") -> 0 | BJ18: =SUMIFS('Raw Data'!$M$3:$M$5000,'Raw Data'!$P$3:$P$5000,"W21",'Raw Data'!$S$3:$S$5000,"<>") -> 0 | BK18: =SUMIFS('Raw Data'!$N$3:$N$5000,'Raw Data'!$P$3:$P$5000,"W21",'Raw Data'!$S$3:$S$5000,"<>") -> 0 | BL18: =SUMIFS('Raw Data'!$E$3:$E$5000,'Raw Data'!$P$3:$P$5000,"W21",'Raw Data'!$S$3:$S$5000,"<>") -> 0 | BM18: =SUMIFS('Raw Data'!$M$3:$M$5000,'Raw Data'!$P$3:$P$5000,"W22",'Raw Data'!$S$3:$S$5000,"<>") -> 0 | BN18: =SUMIFS('Raw Data'!$N$3:$N$5000,'Raw Data'!$P$3:$P$5000,"W22",'Raw Data'!$S$3:$S$5000,"<>") -> 0 | BO18: =SUMIFS('Raw Data'!$E$3:$E$5000,'Raw Data'!$P$3:$P$5000,"W22",'Raw Data'!$S$3:$S$5000,"<>") -> 0 | BP18: =SUMIFS('Raw Data'!$M$3:$M$5000,'Raw Data'!$P$3:$P$5000,"W23",'Raw Data'!$S$3:$S$5000,"<>") -> 0 | BQ18: =SUMIFS('Raw Data'!$N$3:$N$5000,'Raw Data'!$P$3:$P$5000,"W23",'Raw Data'!$S$3:$S$5000,"<>") -> 0 | BR18: =SUMIFS('Raw Data'!$E$3:$E$5000,'Raw Data'!$P$3:$P$5000,"W23",'Raw Data'!$S$3:$S$5000,"<>") -> 0 | BS18: =SUMIFS('Raw Data'!$M$3:$M$5000,'Raw Data'!$P$3:$P$5000,"W24",'Raw Data'!$S$3:$S$5000,"<>") -> 0 | BT18: =SUMIFS('Raw Data'!$N$3:$N$5000,'Raw Data'!$P$3:$P$5000,"W24",'Raw Data'!$S$3:$S$5000,"<>") -> 0 | BU18: =SUMIFS('Raw Data'!$E$3:$E$5000,'Raw Data'!$P$3:$P$5000,"W24",'Raw Data'!$S$3:$S$5000,"<>") -> 0 | BV18: =SUMIFS('Raw Data'!$M$3:$M$5000,'Raw Data'!$P$3:$P$5000,"W25",'Raw Data'!$S$3:$S$5000,"<>") -> 0 | BW18: =SUMIFS('Raw Data'!$N$3:$N$5000,'Raw Data'!$P$3:$P$5000,"W25",'Raw Data'!$S$3:$S$5000,"<>") -> 0 | BX18: =SUMIFS('Raw Data'!$E$3:$E$5000,'Raw Data'!$P$3:$P$5000,"W25",'Raw Data'!$S$3:$S$5000,"<>") -> 0 | BY18: =SUMIFS('Raw Data'!$M$3:$M$5000,'Raw Data'!$P$3:$P$5000,"W26",'Raw Data'!$S$3:$S$5000,"<>") -> 0 | BZ18: =SUMIFS('Raw Data'!$N$3:$N$5000,'Raw Data'!$P$3:$P$5000,"W26",'Raw Data'!$S$3:$S$5000,"<>") -> 0 | CA18: =SUMIFS('Raw Data'!$E$3:$E$5000,'Raw Data'!$P$3:$P$5000,"W26",'Raw Data'!$S$3:$S$5000,"<>") -> 0 | CB18: =SUMIFS('Raw Data'!$M$3:$M$5000,'Raw Data'!$P$3:$P$5000,"W27",'Raw Data'!$S$3:$S$5000,"<>") -> 0 | CC18: =SUMIFS('Raw Data'!$N$3:$N$5000,'Raw Data'!$P$3:$P$5000,"W27",'Raw Data'!$S$3:$S$5000,"<>") -> 0 | CD18: =SUMIFS('Raw Data'!$E$3:$E$5000,'Raw Data'!$P$3:$P$5000,"W27",'Raw Data'!$S$3:$S$5000,"<>") -> 0 | CE18: =SUMIFS('Raw Data'!$M$3:$M$5000,'Raw Data'!$P$3:$P$5000,"W28",'Raw Data'!$S$3:$S$5000,"<>") -> 0 | CF18: =SUMIFS('Raw Data'!$N$3:$N$5000,'Raw Data'!$P$3:$P$5000,"W28",'Raw Data'!$S$3:$S$5000,"<>") -> 0 | CG18: =SUMIFS('Raw Data'!$E$3:$E$5000,'Raw Data'!$P$3:$P$5000,"W28",'Raw Data'!$S$3:$S$5000,"<>") -> 0 | CH18: =SUMIFS('Raw Data'!$M$3:$M$5000,'Raw Data'!$P$3:$P$5000,"W29",'Raw Data'!$S$3:$S$5000,"<>") -> 0 | CI18: =SUMIFS('Raw Data'!$N$3:$N$5000,'Raw Data'!$P$3:$P$5000,"W29",'Raw Data'!$S$3:$S$5000,"<>") -> 0 | CJ18: =SUMIFS('Raw Data'!$E$3:$E$5000,'Raw Data'!$P$3:$P$5000,"W29",'Raw Data'!$S$3:$S$5000,"<>") -> 0 | CK18: =SUMIFS('Raw Data'!$M$3:$M$5000,'Raw Data'!$P$3:$P$5000,"W30",'Raw Data'!$S$3:$S$5000,"<>") -> 0 | CL18: =SUMIFS('Raw Data'!$N$3:$N$5000,'Raw Data'!$P$3:$P$5000,"W30",'Raw Data'!$S$3:$S$5000,"<>") -> 0 | CM18: =SUMIFS('Raw Data'!$E$3:$E$5000,'Raw Data'!$P$3:$P$5000,"W30",'Raw Data'!$S$3:$S$5000,"<>") -> 0 | CN18: =SUMIFS('Raw Data'!$M$3:$M$5000,'Raw Data'!$P$3:$P$5000,"W31",'Raw Data'!$S$3:$S$5000,"<>") -> 0 | CO18: =SUMIFS('Raw Data'!$N$3:$N$5000,'Raw Data'!$P$3:$P$5000,"W31",'Raw Data'!$S$3:$S$5000,"<>") -> 0 | CP18: =SUMIFS('Raw Data'!$E$3:$E$5000,'Raw Data'!$P$3:$P$5000,"W31",'Raw Data'!$S$3:$S$5000,"<>") -> 0 | CQ18: =SUMIFS('Raw Data'!$M$3:$M$5000,'Raw Data'!$P$3:$P$5000,"W32",'Raw Data'!$S$3:$S$5000,"<>") -> 0 | CR18: =SUMIFS('Raw Data'!$N$3:$N$5000,'Raw Data'!$P$3:$P$5000,"W32",'Raw Data'!$S$3:$S$5000,"<>") -> 0 | CS18: =SUMIFS('Raw Data'!$E$3:$E$5000,'Raw Data'!$P$3:$P$5000,"W32",'Raw Data'!$S$3:$S$5000,"<>") -> 0 | CT18: =SUMIFS('Raw Data'!$M$3:$M$5000,'Raw Data'!$P$3:$P$5000,"W33",'Raw Data'!$S$3:$S$5000,"<>") -> 0 | CU18: =SUMIFS('Raw Data'!$N$3:$N$5000,'Raw Data'!$P$3:$P$5000,"W33",'Raw Data'!$S$3:$S$5000,"<>") -> 0 | CV18: =SUMIFS('Raw Data'!$E$3:$E$5000,'Raw Data'!$P$3:$P$5000,"W33",'Raw Data'!$S$3:$S$5000,"<>") -> 0 | CW18: =SUMIFS('Raw Data'!$M$3:$M$5000,'Raw Data'!$P$3:$P$5000,"W34",'Raw Data'!$S$3:$S$5000,"<>") -> 0 | CX18: =SUMIFS('Raw Data'!$N$3:$N$5000,'Raw Data'!$P$3:$P$5000,"W34",'Raw Data'!$S$3:$S$5000,"<>") -> 0 | CY18: =SUMIFS('Raw Data'!$E$3:$E$5000,'Raw Data'!$P$3:$P$5000,"W34",'Raw Data'!$S$3:$S$5000,"<>") -> 0 | CZ18: =SUMIFS('Raw Data'!$M$3:$M$5000,'Raw Data'!$P$3:$P$5000,"W35",'Raw Data'!$S$3:$S$5000,"<>") -> 0 | DA18: =SUMIFS('Raw Data'!$N$3:$N$5000,'Raw Data'!$P$3:$P$5000,"W35",'Raw Data'!$S$3:$S$5000,"<>") -> 0 | DB18: =SUMIFS('Raw Data'!$E$3:$E$5000,'Raw Data'!$P$3:$P$5000,"W35",'Raw Data'!$S$3:$S$5000,"<>") -> 0 | DC18: =SUMIFS('Raw Data'!$M$3:$M$5000,'Raw Data'!$P$3:$P$5000,"W36",'Raw Data'!$S$3:$S$5000,"<>") -> 0 | DD18: =SUMIFS('Raw Data'!$N$3:$N$5000,'Raw Data'!$P$3:$P$5000,"W36",'Raw Data'!$S$3:$S$5000,"<>") -> 0 | DE18: =SUMIFS('Raw Data'!$E$3:$E$5000,'Raw Data'!$P$3:$P$5000,"W36",'Raw Data'!$S$3:$S$5000,"<>") -> 0 | DF18: =SUMIFS('Raw Data'!$M$3:$M$5000,'Raw Data'!$P$3:$P$5000,"W37",'Raw Data'!$S$3:$S$5000,"<>") -> 0 | DG18: =SUMIFS('Raw Data'!$N$3:$N$5000,'Raw Data'!$P$3:$P$5000,"W37",'Raw Data'!$S$3:$S$5000,"<>") -> 0 | DH18: =SUMIFS('Raw Data'!$E$3:$E$5000,'Raw Data'!$P$3:$P$5000,"W37",'Raw Data'!$S$3:$S$5000,"<>") -> 0 | DI18: =SUMIFS('Raw Data'!$M$3:$M$5000,'Raw Data'!$P$3:$P$5000,"W38",'Raw Data'!$S$3:$S$5000,"<>") -> 0 | DJ18: =SUMIFS('Raw Data'!$N$3:$N$5000,'Raw Data'!$P$3:$P$5000,"W38",'Raw Data'!$S$3:$S$5000,"<>") -> 0 | DK18: =SUMIFS('Raw Data'!$E$3:$E$5000,'Raw Data'!$P$3:$P$5000,"W38",'Raw Data'!$S$3:$S$5000,"<>") -> 0 | DL18: =SUMIFS('Raw Data'!$M$3:$M$5000,'Raw Data'!$P$3:$P$5000,"W39",'Raw Data'!$S$3:$S$5000,"<>") -> 0 | DM18: =SUMIFS('Raw Data'!$N$3:$N$5000,'Raw Data'!$P$3:$P$5000,"W39",'Raw Data'!$S$3:$S$5000,"<>") -> 0 | DN18: =SUMIFS('Raw Data'!$E$3:$E$5000,'Raw Data'!$P$3:$P$5000,"W39",'Raw Data'!$S$3:$S$5000,"<>") -> 0 | DO18: =SUMIFS('Raw Data'!$M$3:$M$5000,'Raw Data'!$P$3:$P$5000,"W40",'Raw Data'!$S$3:$S$5000,"<>") -> 0 | DP18: =SUMIFS('Raw Data'!$N$3:$N$5000,'Raw Data'!$P$3:$P$5000,"W40",'Raw Data'!$S$3:$S$5000,"<>") -> 0 | DQ18: =SUMIFS('Raw Data'!$E$3:$E$5000,'Raw Data'!$P$3:$P$5000,"W40",'Raw Data'!$S$3:$S$5000,"<>") -> 0 | DR18: =SUMIFS('Raw Data'!$M$3:$M$5000,'Raw Data'!$P$3:$P$5000,"W41",'Raw Data'!$S$3:$S$5000,"<>") -> 0 | DS18: =SUMIFS('Raw Data'!$N$3:$N$5000,'Raw Data'!$P$3:$P$5000,"W41",'Raw Data'!$S$3:$S$5000,"<>") -> 0 | DT18: =SUMIFS('Raw Data'!$E$3:$E$5000,'Raw Data'!$P$3:$P$5000,"W41",'Raw Data'!$S$3:$S$5000,"<>") -> 0 | DU18: =SUMIFS('Raw Data'!$M$3:$M$5000,'Raw Data'!$P$3:$P$5000,"W42",'Raw Data'!$S$3:$S$5000,"<>") -> 0 | DV18: =SUMIFS('Raw Data'!$N$3:$N$5000,'Raw Data'!$P$3:$P$5000,"W42",'Raw Data'!$S$3:$S$5000,"<>") -> 0 | DW18: =SUMIFS('Raw Data'!$E$3:$E$5000,'Raw Data'!$P$3:$P$5000,"W42",'Raw Data'!$S$3:$S$5000,"<>") -> 0 | DX18: =SUMIFS('Raw Data'!$M$3:$M$5000,'Raw Data'!$P$3:$P$5000,"W43",'Raw Data'!$S$3:$S$5000,"<>") -> 0 | DY18: =SUMIFS('Raw Data'!$N$3:$N$5000,'Raw Data'!$P$3:$P$5000,"W43",'Raw Data'!$S$3:$S$5000,"<>") -> 0 | DZ18: =SUMIFS('Raw Data'!$E$3:$E$5000,'Raw Data'!$P$3:$P$5000,"W43",'Raw Data'!$S$3:$S$5000,"<>") -> 0 | EA18: =SUMIFS('Raw Data'!$M$3:$M$5000,'Raw Data'!$P$3:$P$5000,"W44",'Raw Data'!$S$3:$S$5000,"<>") -> 0 | EB18: =SUMIFS('Raw Data'!$N$3:$N$5000,'Raw Data'!$P$3:$P$5000,"W44",'Raw Data'!$S$3:$S$5000,"<>") -> 0 | EC18: =SUMIFS('Raw Data'!$E$3:$E$5000,'Raw Data'!$P$3:$P$5000,"W44",'Raw Data'!$S$3:$S$5000,"<>") -> 0 | ED18: =SUMIFS('Raw Data'!$M$3:$M$5000,'Raw Data'!$P$3:$P$5000,"W45",'Raw Data'!$S$3:$S$5000,"<>") -> 0 | EE18: =SUMIFS('Raw Data'!$N$3:$N$5000,'Raw Data'!$P$3:$P$5000,"W45",'Raw Data'!$S$3:$S$5000,"<>") -> 0 | EF18: =SUMIFS('Raw Data'!$E$3:$E$5000,'Raw Data'!$P$3:$P$5000,"W45",'Raw Data'!$S$3:$S$5000,"<>") -> 0 | EG18: =SUMIFS('Raw Data'!$M$3:$M$5000,'Raw Data'!$P$3:$P$5000,"W46",'Raw Data'!$S$3:$S$5000,"<>") -> 0 | EH18: =SUMIFS('Raw Data'!$N$3:$N$5000,'Raw Data'!$P$3:$P$5000,"W46",'Raw Data'!$S$3:$S$5000,"<>") -> 0 | EI18: =SUMIFS('Raw Data'!$E$3:$E$5000,'Raw Data'!$P$3:$P$5000,"W46",'Raw Data'!$S$3:$S$5000,"<>") -> 0 | EJ18: =SUMIFS('Raw Data'!$M$3:$M$5000,'Raw Data'!$P$3:$P$5000,"W47",'Raw Data'!$S$3:$S$5000,"<>") -> 0 | EK18: =SUMIFS('Raw Data'!$N$3:$N$5000,'Raw Data'!$P$3:$P$5000,"W47",'Raw Data'!$S$3:$S$5000,"<>") -> 0 | EL18: =SUMIFS('Raw Data'!$E$3:$E$5000,'Raw Data'!$P$3:$P$5000,"W47",'Raw Data'!$S$3:$S$5000,"<>") -> 0 | EM18: =SUMIFS('Raw Data'!$M$3:$M$5000,'Raw Data'!$P$3:$P$5000,"W48",'Raw Data'!$S$3:$S$5000,"<>") -> 0 | EN18: =SUMIFS('Raw Data'!$N$3:$N$5000,'Raw Data'!$P$3:$P$5000,"W48",'Raw Data'!$S$3:$S$5000,"<>") -> 0 | EO18: =SUMIFS('Raw Data'!$E$3:$E$5000,'Raw Data'!$P$3:$P$5000,"W48",'Raw Data'!$S$3:$S$5000,"<>") -> 0 | EP18: =SUMIFS('Raw Data'!$M$3:$M$5000,'Raw Data'!$P$3:$P$5000,"W49",'Raw Data'!$S$3:$S$5000,"<>") -> 0 | EQ18: =SUMIFS('Raw Data'!$N$3:$N$5000,'Raw Data'!$P$3:$P$5000,"W49",'Raw Data'!$S$3:$S$5000,"<>") -> 0 | ER18: =SUMIFS('Raw Data'!$E$3:$E$5000,'Raw Data'!$P$3:$P$5000,"W49",'Raw Data'!$S$3:$S$5000,"<>") -> 0 | ES18: =SUMIFS('Raw Data'!$M$3:$M$5000,'Raw Data'!$P$3:$P$5000,"W50",'Raw Data'!$S$3:$S$5000,"<>") -> 0 | ET18: =SUMIFS('Raw Data'!$N$3:$N$5000,'Raw Data'!$P$3:$P$5000,"W50",'Raw Data'!$S$3:$S$5000,"<>") -> 0 | EU18: =SUMIFS('Raw Data'!$E$3:$E$5000,'Raw Data'!$P$3:$P$5000,"W50",'Raw Data'!$S$3:$S$5000,"<>") -> 0 | EV18: =SUMIFS('Raw Data'!$M$3:$M$5000,'Raw Data'!$P$3:$P$5000,"W51",'Raw Data'!$S$3:$S$5000,"<>") -> 0 | EW18: =SUMIFS('Raw Data'!$N$3:$N$5000,'Raw Data'!$P$3:$P$5000,"W51",'Raw Data'!$S$3:$S$5000,"<>") -> 0 | EX18: =SUMIFS('Raw Data'!$E$3:$E$5000,'Raw Data'!$P$3:$P$5000,"W51",'Raw Data'!$S$3:$S$5000,"<>") -> 0 | EY18: =SUMIFS('Raw Data'!$M$3:$M$5000,'Raw Data'!$P$3:$P$5000,"W52",'Raw Data'!$S$3:$S$5000,"<>") -> 0 | EZ18: =SUMIFS('Raw Data'!$N$3:$N$5000,'Raw Data'!$P$3:$P$5000,"W52",'Raw Data'!$S$3:$S$5000,"<>") -> 0 | FA18: =SUMIFS('Raw Data'!$E$3:$E$5000,'Raw Data'!$P$3:$P$5000,"W52",'Raw Data'!$S$3:$S$5000,"<>") -> 0 | FB18: =B18+E18+H18+K18+N18+Q18+T18+W18+Z18+AC18+AF18+AI18+AL18+AO18+AR18+AU18+AX18+BA18+BD18+BG18+BJ18+BM18+BP18+BS18+BV18+BY18+CB18+CE18+CH18+CK18+CN18+CQ18+CT18+CW18+CZ18+DC18+DF18+DI18+DL18+DO18+DR18+DU18+DX18+EA18+ED18+EG18+EJ18+EM18+EP18+ES18+EV18+EY18 -> 553.96 | FC18: =C18+F18+I18+L18+O18+R18+U18+X18+AA18+AD18+AG18+AJ18+AM18+AP18+AS18+AV18+AY18+BB18+BE18+BH18+BK18+BN18+BQ18+BT18+BW18+BZ18+CC18+CF18+CI18+CL18+CO18+CR18+CU18+CX18+DA18+DD18+DG18+DJ18+DM18+DP18+DS18+DV18+DY18+EB18+EE18+EH18+EK18+EN18+EQ18+ET18+EW18+EZ18 -> 1178.62 | FD18: =D18+G18+J18+M18+P18+S18+V18+Y18+AB18+AE18+AH18+AK18+AN18+AQ18+AT18+AW18+AZ18+BC18+BF18+BI18+BL18+BO18+BR18+BU18+BX18+CA18+CD18+CG18+CJ18+CM18+CP18+CS18+CV18+CY18+DB18+DE18+DH18+DK18+DN18+DQ18+DT18+DW18+DZ18+EC18+EF18+EI18+EL18+EO18+ER18+EU18+EX18+FA18 -> 6
A19: DN Accepted (C) | B19: TBA | C19: TBA | D19: TBA | E19: TBA | F19: TBA | G19: TBA | H19: TBA | I19: TBA | J19: TBA | K19: TBA | L19: TBA | M19: TBA | N19: TBA | O19: TBA | P19: TBA | Q19: TBA | R19: TBA | S19: TBA | T19: TBA | U19: TBA | V19: TBA | W19: TBA | X19: TBA | Y19: TBA | Z19: TBA | AA19: TBA | AB19: TBA | AC19: TBA | AD19: TBA | AE19: TBA | AF19: TBA | AG19: TBA | AH19: TBA | AI19: TBA | AJ19: TBA | AK19: TBA | AL19: TBA | AM19: TBA | AN19: TBA | AO19: TBA | AP19: TBA | AQ19: TBA | AR19: TBA | AS19: TBA | AT19: TBA | AU19: TBA | AV19: TBA | AW19: TBA | AX19: TBA | AY19: TBA | AZ19: TBA | BA19: TBA | BB19: TBA | BC19: TBA | BD19: TBA | BE19: TBA | BF19: TBA | BG19: TBA | BH19: TBA | BI19: TBA | BJ19: TBA | BK19: TBA | BL19: TBA | BM19: TBA | BN19: TBA | BO19: TBA | BP19: TBA | BQ19: TBA | BR19: TBA | BS19: TBA | BT19: TBA | BU19: TBA | BV19: TBA | BW19: TBA | BX19: TBA | BY19: TBA | BZ19: TBA | CA19: TBA | CB19: TBA | CC19: TBA | CD19: TBA | CE19: TBA | CF19: TBA | CG19: TBA | CH19: TBA | CI19: TBA | CJ19: TBA | CK19: TBA | CL19: TBA | CM19: TBA | CN19: TBA | CO19: TBA | CP19: TBA | CQ19: TBA | CR19: TBA | CS19: TBA | CT19: TBA | CU19: TBA | CV19: TBA | CW19: TBA | CX19: TBA | CY19: TBA | CZ19: TBA | DA19: TBA | DB19: TBA | DC19: TBA | DD19: TBA | DE19: TBA | DF19: TBA | DG19: TBA | DH19: TBA | DI19: TBA | DJ19: TBA | DK19: TBA | DL19: TBA | DM19: TBA | DN19: TBA | DO19: TBA | DP19: TBA | DQ19: TBA | DR19: TBA | DS19: TBA | DT19: TBA | DU19: TBA | DV19: TBA | DW19: TBA | DX19: TBA | DY19: TBA | DZ19: TBA | EA19: TBA | EB19: TBA | EC19: TBA | ED19: TBA | EE19: TBA | EF19: TBA | EG19: TBA | EH19: TBA | EI19: TBA | EJ19: TBA | EK19: TBA | EL19: TBA | EM19: TBA | EN19: TBA | EO19: TBA | EP19: TBA | EQ19: TBA | ER19: TBA | ES19: TBA | ET19: TBA | EU19: TBA | EV19: TBA | EW19: TBA | EX19: TBA | EY19: TBA | EZ19: TBA | FA19: TBA | FB19: TBA | FC19: TBA | FD19: TBA
A21: Recovery Value (A+B+C) | B21: 0 | C21: 0 | D21: 0 | E21: 0 | F21: 0 | G21: 0 | H21: 0 | I21: 0 | J21: 0 | K21: 0 | L21: 0 | M21: 0 | N21: 0 | O21: 0 | P21: 0 | Q21: 0 | R21: 0 | S21: 0 | T21: 0 | U21: 0 | V21: 0 | W21: 0 | X21: 0 | Y21: 0 | Z21: 0 | AA21: 0 | AB21: 0 | AC21: 0 | AD21: 0 | AE21: 0 | AF21: 0 | AG21: 0 | AH21: 0 | AI21: 0 | AJ21: 0 | AK21: 0 | AL21: 0 | AM21: 0 | AN21: 0 | AO21: 0 | AP21: 0 | AQ21: 0 | AR21: 0 | AS21: 0 | AT21: 0 | AU21: 0 | AV21: 0 | AW21: 0 | AX21: 0 | AY21: 0 | AZ21: 0 | BA21: 0 | BB21: 0 | BC21: 0 | BD21: 0 | BE21: 0 | BF21: 0 | BG21: 0 | BH21: 0 | BI21: 0 | BJ21: 0 | BK21: 0 | BL21: 0 | BM21: 0 | BN21: 0 | BO21: 0 | BP21: 0 | BQ21: 0 | BR21: 0 | BS21: 0 | BT21: 0 | BU21: 0 | BV21: 0 | BW21: 0 | BX21: 0 | BY21: 0 | BZ21: 0 | CA21: 0 | CB21: 0 | CC21: 0 | CD21: 0 | CE21: 0 | CF21: 0 | CG21: 0 | CH21: 0 | CI21: 0 | CJ21: 0 | CK21: 0 | CL21: 0 | CM21: 0 | CN21: 0 | CO21: 0 | CP21: 0 | CQ21: 0 | CR21: 0 | CS21: 0 | CT21: 0 | CU21: 0 | CV21: 0 | CW21: 0 | CX21: 0 | CY21: 0 | CZ21: 0 | DA21: 0 | DB21: 0 | DC21: 0 | DD21: 0 | DE21: 0 | DF21: 0 | DG21: 0 | DH21: 0 | DI21: 0 | DJ21: 0 | DK21: 0 | DL21: 0 | DM21: 0 | DN21: 0 | DO21: 0 | DP21: 0 | DQ21: 0 | DR21: 0 | DS21: 0 | DT21: 0 | DU21: 0 | DV21: 0 | DW21: 0 | DX21: 0 | DY21: 0 | DZ21: 0 | EA21: 0 | EB21: 0 | EC21: 0 | ED21: 0 | EE21: 0 | EF21: 0 | EG21: 0 | EH21: 0 | EI21: 0 | EJ21: 0 | EK21: 0 | EL21: 0 | EM21: 0 | EN21: 0 | EO21: 0 | EP21: 0 | EQ21: 0 | ER21: 0 | ES21: 0 | ET21: 0 | EU21: 0 | EV21: 0 | EW21: 0 | EX21: 0 | EY21: 0 | EZ21: 0 | FA21: 0 | FB21: =B21+E21+H21+K21+N21+Q21+T21+W21+Z21+AC21+AF21+AI21+AL21+AO21+AR21+AU21+AX21+BA21+BD21+BG21+BJ21+BM21+BP21+BS21+BV21+BY21+CB21+CE21+CH21+CK21+CN21+CQ21+CT21+CW21+CZ21+DC21+DF21+DI21+DL21+DO21+DR21+DU21+DX21+EA21+ED21+EG21+EJ21+EM21+EP21+ES21+EV21+EY21 -> 0 | FC21: =C21+F21+I21+L21+O21+R21+U21+X21+AA21+AD21+AG21+AJ21+AM21+AP21+AS21+AV21+AY21+BB21+BE21+BH21+BK21+BN21+BQ21+BT21+BW21+BZ21+CC21+CF21+CI21+CL21+CO21+CR21+CU21+CX21+DA21+DD21+DG21+DJ21+DM21+DP21+DS21+DV21+DY21+EB21+EE21+EH21+EK21+EN21+EQ21+ET21+EW21+EZ21 -> 0 | FD21: =D21+G21+J21+M21+P21+S21+V21+Y21+AB21+AE21+AH21+AK21+AN21+AQ21+AT21+AW21+AZ21+BC21+BF21+BI21+BL21+BO21+BR21+BU21+BX21+CA21+CD21+CG21+CJ21+CM21+CP21+CS21+CV21+CY21+DB21+DE21+DH21+DK21+DN21+DQ21+DT21+DW21+DZ21+EC21+EF21+EI21+EL21+EO21+ER21+EU21+EX21+FA21 -> 0
A22: Recovery % | B22: 0 | C22: 0 | D22: 0 | E22: 0 | F22: 0 | G22: 0 | H22: 0 | I22: 0 | J22: 0 | K22: 0 | L22: 0 | M22: 0 | N22: 0 | O22: 0 | P22: 0 | Q22: 0 | R22: 0 | S22: 0 | T22: 0 | U22: 0 | V22: 0 | W22: 0 | X22: 0 | Y22: 0 | Z22: 0 | AA22: 0 | AB22: 0 | AC22: 0 | AD22: 0 | AE22: 0 | AF22: 0 | AG22: 0 | AH22: 0 | AI22: 0 | AJ22: 0 | AK22: 0 | AL22: 0 | AM22: 0 | AN22: 0 | AO22: 0 | AP22: 0 | AQ22: 0 | AR22: 0 | AS22: 0 | AT22: 0 | AU22: 0 | AV22: 0 | AW22: 0 | AX22: 0 | AY22: 0 | AZ22: 0 | BA22: 0 | BB22: 0 | BC22: 0 | BD22: 0 | BE22: 0 | BF22: 0 | BG22: 0 | BH22: 0 | BI22: 0 | BJ22: 0 | BK22: 0 | BL22: 0 | BM22: 0 | BN22: 0 | BO22: 0 | BP22: 0 | BQ22: 0 | BR22: 0 | BS22: 0 | BT22: 0 | BU22: 0 | BV22: 0 | BW22: 0 | BX22: 0 | BY22: 0 | BZ22: 0 | CA22: 0 | CB22: 0 | CC22: 0 | CD22: 0 | CE22: 0 | CF22: 0 | CG22: 0 | CH22: 0 | CI22: 0 | CJ22: 0 | CK22: 0 | CL22: 0 | CM22: 0 | CN22: 0 | CO22: 0 | CP22: 0 | CQ22: 0 | CR22: 0 | CS22: 0 | CT22: 0 | CU22: 0 | CV22: 0 | CW22: 0 | CX22: 0 | CY22: 0 | CZ22: 0 | DA22: 0 | DB22: 0 | DC22: 0 | DD22: 0 | DE22: 0 | DF22: 0 | DG22: 0 | DH22: 0 | DI22: 0 | DJ22: 0 | DK22: 0 | DL22: 0 | DM22: 0 | DN22: 0 | DO22: 0 | DP22: 0 | DQ22: 0 | DR22: 0 | DS22: 0 | DT22: 0 | DU22: 0 | DV22: 0 | DW22: 0 | DX22: 0 | DY22: 0 | DZ22: 0 | EA22: 0 | EB22: 0 | EC22: 0 | ED22: 0 | EE22: 0 | EF22: 0 | EG22: 0 | EH22: 0 | EI22: 0 | EJ22: 0 | EK22: 0 | EL22: 0 | EM22: 0 | EN22: 0 | EO22: 0 | EP22: 0 | EQ22: 0 | ER22: 0 | ES22: 0 | ET22: 0 | EU22: 0 | EV22: 0 | EW22: 0 | EX22: 0 | EY22: 0 | EZ22: 0 | FA22: 0 | FB22: — | FC22: — | FD22: —
A24: * Green Return = tags contain 'green return' | Not Received = Receiving = 'Not received' | DN Raised = has Carrier Tracking number | DN Factories = has DN Factory reference | Liquidation = Liquidation = 'Yes' | TBA rows = manually enter once debit notes confirmed

Sheet Raw Data
A1: 📋 RAW DATA INPUT — Add your returns rows from Row 3 onwards. Do NOT rename column headers in Row 2.
A2: Date (Readable Format) | B2: order_number | C2: sku | D2: Concat | E2: item_quantity | F2: tags | G2: Carrier | H2: Carrier Tracking | I2: Delivered Date | J2: Issue Type | K2: Liquidation | L2: Vendor | M2: Total COGS | N2: Total Sales Value | O2: sent for liquidation | P2: Week Number | Q2: Receiving | R2: Grading | S2: DN Factory
A3: 02 Mar 26 | B3: 8889 | C3: BATV00001A | D3: 8889BATV00001A | E3: 1 | G3: SGK | H3: SGK7C32371B723FC | I3: 23 Feb 26 | J3: Defective | K3: No | M3: 101.56 | N3: 271.35 | P3: W10 | Q3: Green Return | S3: 8889BATV00001A
A4: 02 Mar 26 | B4: 11196 | C4: TRCO00004A | D4: 11196TRCO00004A | E4: 1 | G4: SGK | H4: SGK5087782AED67C | I4: 24 Feb 26 | J4: Defective | K4: Yes | M4: 88.55 | N4: 150.89 | P4: W10 | Q4: received | S4: 11196TRCO00004A
A5: 03 Mar 26 | B5: 11720 | C5: BACO00008A | D5: 11720BACO00008A | E5: 1 | G5: SGK | H5: SGK5403F0AFE19C | I5: 2 Mar 26 | J5: Damaged | K5: Yes | M5: 87.32 | N5: 232.5 | P5: W10 | Q5: received
A6: 03 Mar 26 | B6: 10410 | C6: TRCO00005A | D6: 10410TRCO00005A | E6: 1 | G6: SGK | H6: SGK0C3EA7D47DB09C | I6: 9 Feb 26 | J6: Damaged | K6: Yes | M6: 86.54 | N6: 233.33 | P6: W10 | Q6: received
A7: 03 Mar 26 | B7: 4545 | C7: FRET00084A | D7: 4545FRET00084A | E7: 1 | G7: DPD | H7: 15976992400775 | I7: 19 Feb 26 | J7: Damaged | K7: Yes | M7: 41 | N7: 109.5 | P7: W10 | Q7: Not received
A8: 03 Mar 26 | B8: 11313 | C8: TRDT00007A | D8: 11313TRDT00007A | E8: 1 | G8: SGK | H8: SGKD6B081DDAA2EC | I8: 26 Feb 26 | J8: Damaged | K8: Yes | M8: 123.31 | N8: 253.09 | P8: W10 | Q8: Not received
A9: 04 Mar 26 | B9: 10957 | C9: FRRU00314P | D9: 10957FRRU00314P | E9: 1 | G9: DHL | H9: 1759280611 | I9: 4 Mar 26 | J9: Defective | K9: Yes | M9: 54.35 | N9: 156 | P9: W10 | Q9: Not received | S9: 10957FRRU00314P
A10: 05 Mar 26 | B10: 11792 | C10: TRTL00017A | D10: 11792TRTL00017A | E10: 1 | G10: DPD | H10: 15976785401228 | I10: 4 Mar 26 | J10: Damaged | K10: Yes | M10: 20.35 | N10: 51.13 | P10: W10 | Q10: received
A11: 05 Mar 26 | B11: 11814 | C11: BAWM00021A | D11: 11814BAWM00021A | E11: 1 | G11: SGK | H11: SGKD68608705559C | I11: 5 Mar 26 | J11: Damaged | K11: Yes | M11: 66.69 | N11: 159 | P11: W10 | Q11: received
A12: 05 Mar 26 | B12: EXC11650 | C12: BACO00008A | D12: EXC11650BACO00008A | E12: 1 | F12: [green return] | J12: Defective | K12: Yes | M12: 87.32 | N12: 0 | P12: W10 | Q12: Green Return | S12: EXC11650BACO00008A
A13: 06 Mar 26 | B13: 3731 | C13: TRDT00006A | D13: 3731TRDT00006A | E13: 1 | G13: SGK | H13: SGK2034DFE3FB32C | I13: 18 Oct 25 | J13: Defective | K13: Yes | M13: 160 | N13: 483.77 | P13: W10 | Q13: Not received | S13: 3731TRDT00006A
A14: 07 Mar 26 | B14: 12028 | C14: TRDC00001A | D14: 12028TRDC00001A | E14: 2 | G14: DPD | H14: 15976780943419 | I14: 7 Mar 26 | J14: Damaged | K14: Yes | M14: 73.7 | N14: 175.16 | O14: NO | P14: W10 | Q14: received | R14: A
A15: 07 Mar 26 | B15: 12069 | C15: TRET00009A | D15: 12069TRET00009A | E15: 1 | G15: DPD | H15: 15976781076288 | I15: 5 Mar 26 | J15: Damaged | K15: Yes | M15: 95.55 | N15: 194.59 | P15: W10 | Q15: received
A16: 08 Mar 26 | B16: 6005 | C16: TRET00024A | D16: 6005TRET00024A | E16: 1 | G16: SGK | H16: SGKEB2540821859C | I16: 5 Dec 25 | J16: Defective | K16: Yes | M16: 62.18 | N16: 116.61 | P16: W10 | Q16: received | S16: 6005TRET00024A
A17: 24 Feb 26 | B17: 7001 | C17: AABB00001A | D17: 7001AABB00001A | E17: 1 | G17: SGK | H17: SGKABC123 | I17: 20 Feb 26 | J17: Defective | K17: No | M17: 132 | N17: 249 | P17: W9 | Q17: Green Return
A18: 24 Feb 26 | B18: 7002 | C18: BBCC00002A | D18: 7002BBCC00002A | E18: 3 | G18: DPD | H18: DPD9999 | I18: 22 Feb 26 | J18: Damaged | K18: Yes | M18: 1112 | N18: 2284 | P18: W9 | Q18: Not received
A19: 25 Feb 26 | B19: 7003 | C19: CCDD00003A | D19: 7003CCDD00003A | E19: 16 | G19: SGK | H19: SGKXYZ789 | I19: 21 Feb 26 | J19: Defective | K19: Yes | M19: 441 | N19: 1121 | P19: W9 | Q19: received | R19: A
A20: 10 Mar 26 | B20: 9001 | C20: DDEE00004A | D20: 9001DDEE00004A | E20: 9 | G20: SGK | H20: SGK111222 | I20: 8 Mar 26 | J20: Defective | K20: Yes | M20: 661 | N20: 1576 | P20: W11 | Q20: Green Return
A21: 11 Mar 26 | B21: 9002 | C21: EEFF00005A | D21: 9002EEFF00005A | E21: 68 | G21: DPD | H21: DPD555666 | I21: 9 Mar 26 | J21: Damaged | K21: Yes | M21: 3618 | N21: 7662 | P21: W11 | Q21: Not received
A22: 12 Mar 26 | B22: 9003 | C22: FFGG00006A | D22: 9003FFGG00006A | E22: 27 | G22: SGK | H22: SGK777888 | I22: 10 Mar 26 | J22: Defective | K22: Yes | M22: 316 | N22: 677 | P22: W11 | Q22: received | R22: A

Sheet How To Use
A1: HOW TO USE YOUR RETURNS DASHBOARD
A3: STEP 1 — Add your returns data
A4: → Go to the 'Raw Data' sheet
A5: → Paste or type your return rows starting from Row 3
A6: → Make sure the 'Week Number' column (Column P) has the right week e.g. W10, W11, W12 ...
A7: → Week numbers MUST match this format exactly: W9 W10 W11 W12 etc.
A9: STEP 2 — Refresh the Dashboard
A10: → Go to the 'Dashboard' sheet
A11: → Press Ctrl + Alt + F9 (Windows) OR Cmd + Option + F9 (Mac) to force all formulas to recalculate
A12: → Your new week column will now show data automatically
A14: STEP 3 — Navigate the Dashboard
A15: → Scroll RIGHT to see newer weeks (W1 is on the far left, W52 is on the far right)
... A35: → The dashboard covers W1 to W52 — it will NEVER need to be updated for new weeks
